/*
Navicat MySQL Data Transfer

Source Server         : localhost
Source Server Version : 50520
Source Host           : localhost:3306
Source Database       : pet_db

Target Server Type    : MYSQL
Target Server Version : 50520
File Encoding         : 65001

Date: 2020-08-25 22:04:57
*/

SET FOREIGN_KEY_CHECKS=0;

-- ----------------------------
-- Table structure for article
-- ----------------------------
DROP TABLE IF EXISTS `article`;
CREATE TABLE `article` (
  `id` int(11) NOT NULL AUTO_INCREMENT,
  `title` varchar(256) DEFAULT NULL COMMENT '标题',
  `description` varchar(256) DEFAULT NULL COMMENT '描述',
  `author` varchar(64) DEFAULT NULL COMMENT '作者',
  `content` text COMMENT '内容',
  `view_count` int(11) DEFAULT '0' COMMENT '查看次数',
  `pet_id` int(11) NOT NULL COMMENT '所属宠物狗类别id',
  `type` varchar(16) DEFAULT NULL COMMENT '类型',
  `create_time` datetime DEFAULT NULL COMMENT '创建日期',
  PRIMARY KEY (`id`) USING BTREE
) ENGINE=InnoDB AUTO_INCREMENT=26 DEFAULT CHARSET=utf8 ROW_FORMAT=DYNAMIC COMMENT='文章表';

-- ----------------------------
-- Records of article
-- ----------------------------
INSERT INTO `article` VALUES ('1', '比特犬怎么看纯不纯？纯种比特犬特征必知！', '金毛寻回犬（Golden Retriever）是单猎犬，比较流行的狗的品种。在猎捕野禽的寻回犬中培养出来的，游泳的续航力极佳。金毛寻回犬是最常见的家犬之一，它很容易养，有耐心并且对主人要求不多，只要定期运动，食物和兽医体检就可以了。', '爱宠爱生活', '<p>&nbsp; &nbsp; &nbsp; &nbsp; 导读：比格犬是斗犬之王，它们培育出来就是为了打斗！是为比赛繁育出来的魔鬼！比特犬在打斗的时候，分泌出睾丸素可以麻痹痛感神经，即使被重伤也感觉不到疼！这就如同钢铁侠一般，大大的提高了比特犬战斗力。很多猛犬爱好者就喜欢饲养比特犬。但不知道比特犬怎么看纯不纯？下面52狗狗网小编就来告诉大家纯种比特犬特征！这样就比容易选择纯种优秀的比特犬了。&nbsp;<span style=\"font-weight: normal;\"></span></p><p style=\"text-align: center;\"><img src=\"http://localhost:8888/images/5bd7a732136b4a4ff9a46122b4aad372.jpg\" style=\"max-width:100%;\"><br></p><div>&nbsp; &nbsp; 1、看血统证书，这对新手来说，看血统证书很重要，可以知道这只比特犬的祖辈，追溯到它们是来自哪一只名犬的后代。</div><div>&nbsp; &nbsp; 2、看比特犬父母，这是比较容易区别小狗的最简单方法，好的种犬，它们的后代一定不会太差，通过看比特犬的父母，就可以断定它们长大后的大概体型特征。</div><div>&nbsp; &nbsp; 3、看体型，比特犬是一种肌肉发达，体型结实的狗狗，小时候就可以看出它们比较壮实，但还是没有成年狗的肌肉解析度，可以通过看它们的父母摸比特犬的腹部，腹部有肌肉的比特犬更加结实有力。</div><p>&nbsp; &nbsp; 4、看骨骼量，骨骼量是决定一只比特犬长大后骨架的基础，用手捏比特犬四肢，背部等，感受一下骨骼是不是粗大，粗大的好，纤细的品相差。&nbsp; &nbsp; &nbsp;</p>', '42', '21', 'news', '2020-02-28 00:25:34');
INSERT INTO `article` VALUES ('2', '阿拉斯加犬训练、怎么训练阿拉斯加雪橇犬？', '阿拉斯加雪橇犬也叫阿拉斯加犬，是最古老的极地雪橇犬之一，它的名字取自爱斯基摩人的伊努伊特族的一个叫做马拉缪特的部落。这个部落生活在阿拉斯加西部一个叫做科策布(Kotzebue)的岸边。成年阿拉斯加犬有着安静、高雅的气质，对主人非常忠心。', '爱宠爱生活', '<p><span style=\"font-weight: bold;\"></span>&nbsp; &nbsp; &nbsp; &nbsp;导读：阿拉斯加犬是一种大型的宠物狗狗，但性格比较温顺，有点二哈的性格特征，虽然说它们是特别的笨，但训练还是要反复多次的来形成记忆力，阿拉斯加犬训练还是要一定的技巧和耐心的，有爱狗人士问怎么训练阿拉斯加雪橇犬？来跟着小编了解一下吧。</p><p style=\"text-align: center;\">&nbsp; &nbsp;&nbsp;<img src=\"http://img1.imgtn.bdimg.com/it/u=3181213911,2808574832&amp;fm=26&amp;gp=0.jpg\"><br></p><p>&nbsp; &nbsp; &nbsp; &nbsp; 首先我们要了解阿拉斯加犬的一下性格特征，它们对食物和主人的占有欲望比较强，在训练的时候要避免强行占有它们的食物，随他它们性格比较好，但发起攻击后果还是很严重的。身体壮，力量大，是具有威胁能力的。&nbsp;</p><p>&nbsp; &nbsp; &nbsp; &nbsp; 训练阿拉斯加犬耐心很重要，我们不能拿我们的思维，脑力的灵活来和狗来比，即使是最聪明的狗狗也没法和人相比较，所以，要有耐心，犯错了要及时的纠正，而不是打骂，要细心的教导，在玩耍中掌握训练科目。</p><div>&nbsp; &nbsp; &nbsp; &nbsp; 训练阿拉斯加犬一定要奖罚分明，果断、坚决，要掌握好分寸很重要，但不能过分的惩罚，也不能随着它们的性子去做。做好了立刻给它们奖励，做错了要严厉批评，呵斥，或弄去打的声音来吓唬它们。做的好要及时奖励，抚摸、零食作为奖励。<span style=\"text-align: center;\">&nbsp;&nbsp;</span></div><p>&nbsp; &nbsp; &nbsp; &nbsp;日常饲养阿拉斯加犬要注意训练它们运动，要长期坚持，像阿拉斯加犬这样的狗狗，每天要坚持运动3-4公里的样子，不能太少了。带它们外出的时候不能由着它们乱跑，要时刻跟随主人身边，保持好距离，一定要牵好牵引带，习惯带项圈在外面活动，小时候就要开始训练，要不然长大了就不习惯了。&nbsp; &nbsp; &nbsp; &nbsp; &nbsp; &nbsp;&nbsp;<br></p>', '18', '26', 'train', '2020-03-05 15:27:12');
INSERT INTO `article` VALUES ('3', '泰迪狗怎么养？泰迪犬日常饲养七大经验分享？', '泰迪狗怎么养？泰迪犬日常饲养七大经验分享？泰迪狗怎么养？泰迪犬日常饲养七大经验分享？泰迪狗怎么养？泰迪犬日常饲养七大经验分享？', '爱宠爱生活', '<p>&nbsp; &nbsp; &nbsp; &nbsp; 导读：泰迪犬是最流行饲养的宠物狗狗，虽然现在很多狗狗多进入了中国，泰迪犬依然是主流饲养的品种，即使是农村地区也比较普遍。泰迪犬饲养要比其他狗狗有难度，它们体型小，抵抗力要弱的很多，除了用心的饲养，饲养方法、日常饲养注意的问题，还是要了解一下比较好。有爱狗人士问泰迪狗怎么养？这是一个很普遍的问题，下面52狗狗网小编就来给大家分享一下泰迪犬日常饲养七大经验，希望对大家有帮助。&nbsp;</p><p>&nbsp; &nbsp; &nbsp; &nbsp; 首先，泰迪犬饲养日常饮食要注意，泰迪犬最漂亮的就是它们一身漂亮的卷发，被毛的光亮就说明它们很健康。泰迪犬吃的狗粮盐分不能高，所以主人的食物不要给它们吃了，有条件的喂食深海鱼油，有很好的保护泰迪犬的毛色，日常给泰迪犬吃点鸡蛋黄、卵磷脂之类的，不但营养要而且可以美毛。日常喂食不能吃的太饱，八成饱就可以了，三个月左右每天喂食4次，4-8个月每天三次，成年后没有1-2次即可。它们是怕撑不怕饿的动物，不要太怕它们吃不饱。</p><p style=\"text-align: center;\"><img src=\"http://img3.imgtn.bdimg.com/it/u=2570918569,416540300&amp;fm=26&amp;gp=0.jpg\">&nbsp;&nbsp;<br></p><div>&nbsp; &nbsp; &nbsp; &nbsp; 泰迪犬的被毛特别的漂亮，卷卷的，需要每天梳理，这样被毛不结团，保持柔然透气，皮肤也不容易滋生病菌。每次梳理被毛开始梳理用梳子齿比较宽的梳理，柔顺后在用密点的梳子梳理，这样可以梳理掉狗狗身上的杂物、寄生虫，这样泰迪犬更加健康。它们吃饭后要注意清理一下它们的嘴巴，容易弄脏了，用纸巾擦拭后再用梳子梳理一下。</div>给泰迪犬洗澡是比较常见的事情，每一个主人都要学会给泰迪犬洗澡，当然，如果你条件好也可以到美容店去给狗狗洗澡。给泰迪犬洗澡是很重要的，不单单的洗澡，如果有健康问题，也可以看的清楚。保持泰迪犬身体干净卫生，和主人接触也避免带病菌给主人。但刚到家、不满三个月的小泰迪就不要洗澡了，可以用干洗，毛巾擦比较好，水洗容易导致小泰迪感冒。等它们三个月以后就可以洗澡了，但也不能太频繁了，夏季一周一次，冬季半个月一次就可以了。不能天天洗，那样会破坏皮肤的保护层，导致皮肤病的发生。如果有异味，就要注意它们的耳道了，耳螨是导致耳朵异味的根源，也对泰迪犬伤害不小。&nbsp;&nbsp;<br><p>&nbsp;<br></p>', '9', '8', 'news', '2020-02-26 15:27:18');
INSERT INTO `article` VALUES ('7', '女子惨遭一群狗围攻被迫跳江自救！难怪禁野令下达后有人要求禁养狗呢！', '女子惨遭一群狗围攻被迫跳江自救！难怪禁野令下达后有人要求禁养狗呢！女子惨遭一群狗围攻被迫跳江自救！难怪禁野令下达后有人要求禁养狗呢！女子惨遭一群狗围攻被迫跳江自救！难怪禁野令下达后有人要求禁养狗呢！', '爱宠爱生活', '<p>&nbsp;导读：恶犬咬人的事件经常发生，这说明我们养狗人没有尽到应有的责任！饲养宠物狗狗并不那么简单，是需要更多的关爱和时间来照顾它们。相信很多人没有准备好就饲养宠物狗狗，一时冲动饲养的人不在少数。近日、一女子惨遭一群狗围攻被迫跳江自救！难怪禁野令下有人让禁养狗呢！当然，宠物狗狗禁止饲养是不可能的，毕竟饲养宠物狗狗给主人带来了很多的快乐。下面来看看这起恶犬咬人事件的经过。&nbsp;</p><p><br></p>', '5', '13', 'news', '2020-03-12 09:06:24');
INSERT INTO `article` VALUES ('8', '近日一网友拍到高架上一车主将金毛扔下一踩油门走了！我们来看看。', '近日一网友拍到高架上一车主将金毛扔下一踩油门走了！我们来看看。', '爱宠爱生活', '<p>&nbsp;导读：经常有爱狗人士指责贩卖肉狗的，当然，这种偷来的宠物狗狗是不文明，需要全社会抵制的。但还是有很多人故意丢弃狗狗，让它们成为流浪狗，危害社会！对于这样的人目前还没有相关法律可以制裁。试想一下，咬到人怎么办！人家又去找谁！近日一网友拍到高架上一车主将金毛扔下一踩油门走了！我们来看看。</p><p><br></p>', '3', '11', 'news', '2020-03-12 09:11:45');
INSERT INTO `article` VALUES ('9', '喜乐蒂适合新手养吗？', '喜乐蒂适合新手养吗？', '爱宠爱生活', '<p>&nbsp;导读：喜乐蒂是一种很有魅力的宠物狗狗，它们活泼可爱，体型比苏牧要小一号，被爱狗人士称为“小版苏牧”！相比较苏牧来说，喜乐蒂更加的活泼好动，像一个调皮的小男孩。喜乐蒂也是很多爱狗人士比较喜欢的类型，有爱狗人士怕饲养不好，问喜乐蒂适合新手养吗？下面52狗狗网小编就来告诉大家：</p><p><br></p>', '1', '13', 'news', '2020-03-12 09:14:08');
INSERT INTO `article` VALUES ('10', '萨摩和银狐的对照图、看看究竟有什么区别？', '萨摩和银狐的对照图、看看究竟有什么区别？萨摩和银狐的对照图、看看究竟有什么区别？萨摩和银狐的对照图、看看究竟有什么区别？', '爱宠爱生活', '<div>导读：银狐犬是一种漂亮的白色宠物狗狗，银白色的被毛，特别的漂亮，和传说中的银色狐狸基本相似，吸引了世界各地爱狗人士饲养。有一种犬和银狐犬有很多相似的地方，那就是萨摩耶，不过萨摩耶的体型要比银狐犬大的多，不过没有萨摩和银狐的对照图，单独的图片还真的不好区别大小。甚至有的小伙伴还分不清萨摩耶和银狐犬，下面我们看看究竟有什么区别？</div><div>&nbsp; &nbsp; 银狐犬和萨摩耶犬是有一定的区别的，虽然说不自爱一张图片上看有点像，对比一下就有差异了，萨摩耶的嘴相对银狐较宽，较短，嘴两侧的肉相对银狐来说更加厚实。另外、萨摩耶的两侧腮毛比银狐的丰满的多。还有就是萨摩耶的额段较为深刻明显，像罗汉鱼一样(大脑门)说得通俗一点就是脸与鼻梁骨所呈的角度较大。而银狐相对来说额段不明显，就是所呈角度小的多。下面来看看萨摩耶和银狐犬对照图。</div><p><br></p>', '1', '12', 'news', '2020-03-12 09:15:24');
INSERT INTO `article` VALUES ('11', '黑色腊肠犬、黑色腊肠犬图片及价格多少钱一只？', '黑色腊肠犬、黑色腊肠犬图片及价格多少钱一只？', '爱宠爱生活', '<div>&nbsp; 导读：腊肠犬作为一种猎犬，它们有着比较高的智商，特别的聪明，但智商测试排名不是很好，这不影响它们的聪明劲，饲养腊肠犬的主人都知道，自己的狗狗都很聪明。腊肠犬的腿是它们的特点，短胳膊短腿的样子特别的滑稽，不过跑动起来四肢跑动的频率比较高，所以速度也不慢。腊肠犬的颜色也比较多，黑色腊肠犬也是很多爱狗人士喜欢的颜色，有爱狗人士问黑色腊肠犬图片及价格多少钱一只？下面52狗狗网小编就来告诉大家：</div><div>&nbsp; &nbsp; 腊肠犬是一种颜色丰富，被毛有短毛、刚毛、长毛三种特点的宠物狗狗品种，每一种毛质都有自己的特点。腊肠犬的颜色有黑色、巧克力色、野猪色、灰色（蓝色）、驼色（伊莎贝拉棕）、虎斑色等各种颜色，双色、斑纹色都是符合要求的颜色。双色、黑色的腊肠犬比较常见，巧克力色、野猪色比较受欢迎，虎斑色很多人都喜欢，但总的来说，颜色不能代表价格，还是要看品相，看血统来决定价格行情。</div><div>&nbsp; &nbsp; 黑色腊肠犬的价格要看购买什么样的，普通宠物级别的价格也就在500元到800元左右，价格不高，品相好点的，犬舍选育的价格会在800元到2000元的样子，价格高低还是看品相来说话，有的父母有一方是不错的血统，这样它们的后代虽然说不是血统狗，但品相也比较好看，价格也高点。这种血统的黑色腊肠犬价格还是比较高的，需要3000元以上，好看的、血统知名度高的还是需要5000元左右才能买到。一些冠军犬的离它们子代不远的价格也要好几万一只，优秀的十几万都很正常。</div><p><br></p><p><br></p>', '1', '15', 'news', '2020-03-12 09:17:01');
INSERT INTO `article` VALUES ('12', '狗狗吐了怎么办？要查明原因正确应对！', '狗狗吐了怎么办？要查明原因正确应对！狗狗吐了怎么办？要查明原因正确应对！狗狗吐了怎么办？要查明原因正确应对！狗狗吐了怎么办？要查明原因正确应对！狗狗吐了怎么办？要查明原因正确应对！', '爱宠爱生活', '<p>导读：饲养宠物狗狗会遇到很多的问题，最常见的就是狗狗容易呕吐，一般来说，狗狗呕吐是正常的比较多，如吃的太急了，吃了不干净的东西，肠胃为了保护而选择的反应方式，这都是正常的呕吐，但有的狗狗反复呕吐，多次的呕吐那就是有问题了，遇到这样的呕吐就需要找狗狗医生，找兽医看病了。通常情况下不需要太在意，呕吐了，精神好就不用管。对于新手来说，遇到这些问题还是比较紧张，问狗狗吐了怎么办？我们还是需要查明原因正确应对！下面52狗狗网小编就来告诉大家：&nbsp;</p><p>&nbsp;宠物狗狗呕吐的问题比较常见，原因也比较多，如吃坚硬的无法咬碎的骨头，就容易刺伤消化道壁，一起呕吐，这种事情比较常见。另外狗狗吃的太急也会呕吐，这种情况比较多，很容易出现，有时候吃了变质的狗粮等食品后，也会导致狗狗呕吐，这种情况一般呕吐后就会好，没有精神萎靡的问题出现，但有的呕吐如中毒、寄生虫等会出现狗狗没有精神，这个时候还是要到医院检查一下放心点。</p><div>当狗狗出现呕吐的时候，要立即进食，不让它们在吃狗粮了，让肠胃休息恢复正常的功能，一般情况下，经过半天的休息，就会好起来了。如果一天还没有恢复正常，那就要带狗狗到宠物医院去检查一下了。狗狗呕吐以后要断食，但水 不能断了，需要给它们供应好水，呕吐会大量的失水，需要喝水来补充回来，有利于胃肠道恢复，停食一天以后，首次给食要为流质的饲料，可以给它们吃点容易消化的罐头或者粥类给狗狗吃。第三天也要少量的喂食狗粮，几天后可以恢复正常的喂食。</div><div>&nbsp; 狗狗呕吐很多都是肠胃炎造成的，狗狗天生的肠胃不是很好，容易出现肠胃炎的问题，严重的还有胃出血的麻烦，但狗狗呕吐后，如果停食一天还没有好的话，继续呕吐的话，可以给它们吃点妈咪爱试试，如果还不行就要到医院检查了，让医生诊断一下究竟是怎么回事，特别是伴有拉肚子的，精神萎靡不振的要注意，以免是感染了细小就麻烦了。很多小狗在清晨偶尔出现呕吐现象，呕吐物为少量白色或黄色液体，这种现象不是天天有就没事，都是属于正常的现象，也不要给它们吃什么止吐的药物、助消化的药物了，这是犬科动物的一种反应，没有必要去在意。</div><div>&nbsp; &nbsp; 总的来说，宠物狗狗呕吐要注意情况，一般的都是很正常的，只要精神好，呕吐了还想吃，这就没事，如果呕吐伴有精神不好，还有拉肚子，咳嗽啊等问题出现，这时候就要注意了。</div><p>&nbsp;<br></p>', '16', '7', 'problem', '2020-03-13 14:07:51');
INSERT INTO `article` VALUES ('13', '训狗技巧、百度文库找不到的训狗技巧分享', '训狗技巧、百度文库找不到的训狗技巧分享训狗技巧、百度文库找不到的训狗技巧分享训狗技巧、百度文库找不到的训狗技巧分享', '爱宠爱生活', '<p>导读：饲养宠物狗狗训练还是需要一定的技巧的，很多新手饲养宠物狗狗，都不去管它们，等到出现不良习惯了，再去训练，已经有点晚了，训练的难度也大了！训练狗狗要从进家门那一天开始就要训练了，然后了解一下训狗技巧，慢慢的培育感情，学着训练，当然，如果你经济条件好，也可以到训狗学校去训练，会有不错的效果，下面52狗狗网小编来分享一篇百度文库找不到的训狗技巧，来学习一下吧。&nbsp;</p><div>&nbsp;训练宠物狗狗，要让它们像玩游戏一样开心的训练，在玩耍的同时，引导狗狗去做我们想要达到的训练目的，不能强制它们去完成，甚至大骂，那样是训练不好狗狗的。训练狗狗的奖励很重要，当它们完成我们需要达到的运动要求的时候，就要及时的给它们奖励，如食物、玩具、抚摸，赞美等，这样通过奖励来强化它们对自己做的动作，会有更好的记忆。</div><p>&nbsp; &nbsp; 部分狗狗在训练的时候达不到要求，这个时候也不要生气，更不能打骂，需要我们利用狗狗的本领行为，让它们达到我们的目标，此时也需要我们主任协同狗狗达到、引导纠正过来。当达到后立刻给以奖励，让狗狗在训练的时候有目标，不至于总是摸不到头脑，聪明的狗狗在这种目标下有好处、有吃的，就会继续想要，经过几次纠正、获得好处后，它们就会自己调整方法，达到主人想要的行为，目的就是要奖励，就这样妈妈能么的就完成了训练要求。</p><div>&nbsp; 在训练初期的时候，还需要口令结合手势去训练，加强训练狗狗的条件反射，可以用食物、玩具来诱导，必要在训练衔取的时候，首先发出指令，让狗狗坐下，其实，训练狗狗坐下是训练的基础，很多训练都需要从坐下开始，所以，坐下是基本的训练，当发出坐的口令后，让训练的狗狗坐下，然后拿出一块狗狗喜欢吃的零食，在狗狗眼前让狗狗看依稀，这时候狗狗想吃零食，就会盯着食物看，然后把食物抛出去，同时口中发出衔的口令，狗狗就会立刻去衔取自己喜欢吃的零食吃。通过这样反复的训练，狗狗就知道你发出的口令是什么意思了。</div><p>&nbsp; &nbsp; 日常训练的时候，要掌握狗狗的一些行为习性，根据狗狗的行为习惯，抓住这一点，因势利导的来训练狗狗。如训练狗狗叫的时候，就是一个抓住狗狗叫的行为习惯来训练的方式。利用各种方式让狗狗叫，准备训练狗狗叫的时候，首先主人在狗狗面前，发出叫的口令，这个时候就等狗狗叫，当狗狗叫的时候，就立刻给它们奖励，如给它们零食吃。然后再次观察，当狗狗叫了，就再次给它们吃的。这样训练后，狗狗为了吃的还会叫。当然，训练狗狗不叫也是这样抓时机，只不过训练的方式相反。&nbsp;<br></p>', '1', '16', 'train', '2020-03-13 14:10:40');
INSERT INTO `article` VALUES ('14', '十大便宜好养的宠物狗都有哪些？', '十大便宜好养的宠物狗都有哪些？十大便宜好养的宠物狗都有哪些？十大便宜好养的宠物狗都有哪些？', '爱宠爱生活', '<div>&nbsp;导读：十大便宜好养的宠物狗都有哪些呢？对于第一次养狗的爱狗人士来说，选择一种容易饲养，又便宜的宠物狗狗是最理想的，要不然没有经验，太娇气的狗狗容易饲养出问题。其实，可以选择的狗狗品种还是比较多的，主要看自己喜欢什么样的狗狗。如果所自便宜，最好养的宠物狗狗，那还是我国本土的狗狗更适合我国的环境，可以粗放的管理。当然，部分爱狗人士喜欢过我的狗狗，感觉好看、流行。下面52狗狗网小编就来给大家分享一下，十大便宜好养的宠物狗都有哪些？</div><h3>一、中华田园犬</h3><div>&nbsp; &nbsp;中华田园犬也叫大黄狗，土狗，各地的品种比较多，比较杂乱，是泛指所有的中国土狗。真正漂亮的中华田园犬少了，但价格不高，3、5百元就可以买到，而且容易饲养，粗茶淡饭就可以满足它们的营养需求，也是特别忠诚的狗狗。</div><h3>二、小鹿犬</h3><div>&nbsp; &nbsp;小鹿犬是体型比较小的狗狗，是吉娃娃和迷你杜宾犬杂交的后代，是一个不被承认的狗狗品种，体型小，活泼可爱，价格不高，一般在300—800元。饲养小鹿犬比较简单，买点狗粮就可以了，但它们比较怕冷，冬季外出要穿衣服，被毛短，比较容易打理，冬季注意多晒太阳，运动在家里就够了，有空可以带它们外出散步，逛街注意被踩到，最好抱着。</div>', '0', '12', 'conserve', '2020-03-13 14:15:05');
INSERT INTO `article` VALUES ('15', '养什么狗好？养狗条件不同、需求不一样选择狗品种有讲究！', '养什么狗好？养狗条件不同、需求不一样选择狗品种有讲究！养什么狗好？养狗条件不同、需求不一样选择狗品种有讲究！养什么狗好？养狗条件不同、需求不一样选择狗品种有讲究！', '爱宠爱生活', '<p>&nbsp;导读：饲养宠物狗狗是很多家庭的选择，现在家庭生活条件好了，闲下来没事的时候逗宠物狗玩耍也是一个放松的方式，宠物狗狗的品种很多，可以选择自己喜欢、适合的狗狗品种来饲养。有爱狗人士第一次饲养宠物狗狗，问养什么狗好？其实，养什么狗好还是要看你个人养狗条件了，但最主要的是你喜欢什么样的宠物狗狗，这样才能去选择狗品种，不要盲目的挑选，到时候不适合自己养就麻烦了，总不能让它们沦落街头成为流浪狗吧。&nbsp;</p><div>首先，我们需要问自己喜欢什么类型的、什么体型的、什么性格的宠物狗狗，现在国内流行饲养的宠物狗狗品种很多了，主要看你的需求，喜欢什么样的宠物狗狗，然后在挑选品种。但也需要根据自己的条件来饲养。如果家里有小朋友，饲养一只和小朋友玩耍的狗狗，那就选择脾气好的，有爱心的狗狗，如金毛犬、拉布拉多就很好，很有爱心，也很细心，是性格特别温顺的狗狗。如果不喜欢这种体型大的，喜欢小型的可以选择贵宾犬、柴犬、柯基犬，博美犬都可以。</div><p>&nbsp; &nbsp; 想饲养一只能够看家护院的狗狗，那就需要寻找有看护能力的狗狗了，要不然你饲养一只哈士奇，你再多的东西也会被诶小偷搬走，说不定哈士奇还帮忙呢！这就需要饲养一只有看护能力的狗，如德牧，杜宾，昆明犬，狼青犬等比较好。基本可以搞定看护任务。</p><div>如果你喜欢外面郊游，带着狗狗在外面玩耍，看着它们飞奔快乐的样子的狗狗，那就选择边牧、马犬吧，它们喜欢跑，精力旺盛，但二哈也喜欢跑，不过跑了就不会来了。所以它们是不能撒手的。如果喜欢速度的，喜欢看它们追赶猎物的，那就饲养细犬、格力犬了。它们是以速度闻名的猎犬，奔跑的速度惊人，直接追赶上野兔，叼来野兔给猎人，是非常快的狗狗，据说二郎神的哮天犬的原型就是细犬，厉害了吧。</div><p>&nbsp; &nbsp; 如果你不喜欢外出玩耍，喜欢宅在家里的一种类型的人，那就选择不太爱运动的狗狗吧，如巴哥犬、法国斗牛犬，马尔济斯犬，吉娃娃、小鹿犬等，它们都是特别适合城市公寓饲养的狗狗，不需要大量运动的狗狗，完全在家里饲养就可以。如果你是大龄的爱狗人士的话，可以选择约克夏，雪纳瑞，牛头梗等狗狗，也是比较适合家庭饲养的狗狗。&nbsp;<br></p>', '3', '10', 'problem', '2020-03-14 08:12:48');
INSERT INTO `article` VALUES ('16', '世界三大绝不咬人的狗', '世界三大绝不咬人的狗世界三大绝不咬人的狗世界三大绝不咬人的狗', '爱宠爱生活', '<div>&nbsp; &nbsp;导读：宠物狗狗是人类的好朋友，但也是一种看护犬，很多狗狗都是由猎犬、牧羊犬作为宠物狗狗饲养的，它们早期就是在某种工作岗位上培育出来的犬种，现在它们不需要再工作，作为宠物狗狗饲养，但是，还保留的一些性格特征，骨子里还有工作的欲望。如边境牧羊犬，看到羊群就会主动的上去，好像要重温老祖宗的职业一样，去驱赶羊群，驾驭它们。这就是深藏在细胞里的不自主反应。所以，一些护卫犬、看护犬出生的宠物狗狗，还有一定的攻击性，虽然这是它们祖先必备的条件，但现在作为宠物狗狗饲养，就不能这样了。那么有哪些狗狗没有攻击性呢？世界三大绝不咬人的狗是哪几种呢？下面52狗狗网小编就来告诉大家：</div><h3>一、金毛犬</h3><div>&nbsp; &nbsp;金毛犬是一种特别温顺的宠物狗狗，它们性格友善、可靠、可信赖的宠物狗狗，虽然金毛犬的体型不小，属于中大型的宠物狗狗，但是，它们的脾气特别的好，对人没有敌意，即使是陌生人，也没有警惕性，它们对人类完全的信任，知道人类不会伤害它们。被称为没有攻击性的三大犬种之一。</div><div>&nbsp; &nbsp;金毛犬一身金色的被毛，亮丽漂亮，加上匀称的体型，活泼的性格，吸引了世界各地的爱狗人士，虽然体型不小，但它们在城市特别受到欢迎，大家都知道它们不会攻击人，是小朋友的好玩伴。</div><h3>二、哈士奇</h3><div>&nbsp; &nbsp;哈士奇也就是西伯利亚雪橇犬，它们也是世界上没有攻击性的三大犬种之一，哈士奇是绝对的没有攻击性，而且没记信的狗狗，它们对人类的态度都是好人，即使是小偷它也很热情，从不把它们当外人，它们看到人就想上去交流，完全一个傻蛋型的宠物狗狗，大家都喜欢叫哈士奇“二哈”。虽然它们的祖先在西伯利亚地区有一些多变的性格，但在大陆饲养已经完全没有那种性格了，变成了没有攻击性的狗狗。</div><div>&nbsp; &nbsp;哈士奇是最没有嫉妒心的狗狗，它们对新伙伴较短的时间内就可以打成一片，虽然哈士奇的叫声比较有威慑力，向狼嚎，但它们从来不主动的向其他小动物、同类叫，即使是遇到动静，也会往主人后面多，特别胆小的样子，很容易接近的狗狗。</div><h3>三、拉布拉多</h3><div>&nbsp; &nbsp;提到拉布拉多，大家都会联想到导盲犬是吧，对，它们是导盲犬最理想的狗狗品种之一，从导盲犬的服从性的要求、和工作环境来看，就完全可以说明拉布拉多的性格特征了，它们是三大无攻击性的宠物狗狗品种，而且服从性特别的好，可以领着主人到制定的地点，不会乱跑，它们工作的时候，不会受到周围环境的干扰，按照主人规划的线路走，这就是一个优秀导盲犬的服从性要求。</div><div>&nbsp; &nbsp;拉布拉多特别喜欢和主人玩耍，和主人一起玩游戏，对老人和小孩子特别的友好，容易接近的狗狗，拉布拉多也很聪明，对主人发出的指令能够很快的理解并执行，家里的小孩子是最喜欢它们的，和它们一起玩耍，主人也不会担心它们会伤到小孩子。</div><p><br></p>', '2', '13', 'problem', '2020-03-14 08:18:31');
INSERT INTO `article` VALUES ('17', '给拉布拉多吃什么好？', '给拉布拉多吃什么好？给拉布拉多吃什么好？给拉布拉多吃什么好？', '爱宠爱生活', '<div>导读：拉布拉多犬是特别漂亮帅气的宠物狗狗，它们没有攻击性，是三大公认的最友善的宠物狗狗品种之一。拉布拉多的智商高，服从性也是一流的，它们在工作的时候全神贯注，一扫日常可爱调皮的样子。饲养拉布拉多犬是很多家庭的选择，也是在我国主流饲养的大型宠物狗狗品种。那么饲养拉布拉多犬，给拉布拉多吃什么好呢？这是很多新手想了解的问题，下面52狗狗网小编就来告诉大家：&nbsp;</div><div>拉布拉多犬给它们吃什么好，这主要看什么阶段了，总的来说，还是给它们吃优质的天然狗粮比较好，这样可以满足它们各个时期的营养需要，自己自制狗粮如果有经验也是可以的，没有经验的话还是直接购买狗粮就可以了，如果吃腻了，可以做点狗粮，用玉米面、瘦肉、蔬菜搭配给它们吃，然后和狗粮混合一起吃，可以改善口感，也可以获得均衡的营养。</div><div>小时候的拉不拉多犬为了让它们长的更加健壮，在喂食购买优质的狗粮的同时，还是要给它们吃点奶糕、羊奶粉、补充微量元素、矿物质等，注意多晒太阳，骨头不能给它们吃，可以吃点补钙产品，如钙片，水溶性钙是最好的，但价格也高，也可以直接购买钙片就可以了。小时候的拉布拉多犬不要给它们吃牛奶，容易拉肚子，不要给它们吃太多的油脂，特别是肥肉，吃了也会导致小拉布拉多拉肚子。</div><div>&nbsp;小时候的拉布拉多犬日常饲养还是要注意的，主人吃的食物是不能给它们吃的，水果也可以吃点，但葡萄不能吃，给他们吃点苹果就可以了。一般的叶类蔬菜都是不错的，子啊狗粮里适当的加入。购买狗粮的时候要注意，不要太买便宜的了，那样营养难有保障。日常饲养还要多晒太阳，多到外面运动运动，但在疫苗没有注射、注射不到半个月的时候是不能外出接触其他动物的，这点要注意。&nbsp;<br></div>', '2', '16', 'problem', '2020-03-14 08:22:53');
INSERT INTO `article` VALUES ('18', '养狗狗家里有味道怎么办？如何去除？', '养狗狗家里有味道怎么办？如何去除？养狗狗家里有味道怎么办？如何去除？养狗狗家里有味道怎么办？如何去除？', '爱宠爱生活', '<p>&nbsp;导读：饲养宠物狗狗现在已经是特别流行的宠物饲养，很多家庭都在饲养宠物狗狗，给家里带来了很多的快乐，就想家里的孩子，喜欢粘着主人，帮助主人看护家园。但也有很多人不喜欢饲养宠物狗狗，并不是不喜欢狗，而是无法忍受宠物狗狗在家里的气味！特别是夏季暴雨来临的时候，狗狗身上有特殊的腥味，胃口浅的人都会作呕！那么养狗狗家里有味道怎么办？如何去除呢？这是很多人都想知道的问题，下面52狗狗网小编就来告诉大家：&nbsp;</p><div>饲养宠物狗狗或多或少都有一点气味，特别是长毛狗狗，气味更加严重，这就需要有我们经常狗狗洗澡了，定期洗澡是最好的解决狗狗气味的方法，这也是为什么大量的狗狗美容院的诞生。洗澡的同时还会清洁耳道、肛门腺，脚趾等容易藏污纳垢的地方，这些地方是气味的来源。同时，我们也要每天给狗狗刷牙，清理空气卫生，这也是我们要做到的，这样就可以减少气味的来源了。</div><p>&nbsp; &nbsp; 狗狗的气味来源基本可以归纳一下几点，来看看，注意一下几个方面，然后在家里通风换气，喷洒除臭剂，等，就可以解决养狗家里有气味的问题。</p><div><strong>&nbsp;1、洗澡：</strong></div><p>&nbsp; &nbsp; 给狗狗洗澡是最有效的解决狗狗身体异味的方法，但洗澡也要有度，不能每天洗，不怕烦也不行，最好是每周给狗狗洗澡2-3次。狗的汗腺是会分泌自己的味道。</p><div><strong>2、肛门腺：</strong></div><p>&nbsp; &nbsp; 饲养狗狗久的人都知道，狗狗的肛门腺是臭味的来源，如果不懂也没事，带狗狗可以去洗澡地方定期清理一下。当狗狗便便时，肛门腺便会排出肛门腺液来润滑肛门，狗狗才能更加顺利的排便。狗狗肛门腺液需要定期清理，时间久了会特别的臭。</p><div><strong>3、狗的口腔：</strong></div><p>&nbsp; &nbsp; 口腔卫生也是每天要做的事情，狗狗和人一样，吃东西有残留的物质，会有口臭，这时候很多人会让你给它刷牙啊 减少食肉啊。</p><div><strong>4、耳朵清理：</strong></div><p>&nbsp; &nbsp; 狗狗的耳道也是气味的来源，如果不注意就会让狗狗好臭，这是因为耳朵有时候会有虫螨，会产生很难闻的味道。所以要及时清理耳螨。</p><div><strong>5、爪子清洗：</strong></div><p>&nbsp; &nbsp; 狗狗的汗腺不发达，身上是没有汗腺的，但它们也是有汗腺的，汗腺则长在狗狗脚掌下面。特别的夏季，汗腺分泌多，这样它们在家里走过的地方留下它的气味，领地的画圈。所有它们的小爪子要经常清洗感觉，脚趾丫不能忽视了。&nbsp;<br></p>', '0', '15', 'problem', '2020-03-14 08:58:11');
INSERT INTO `article` VALUES ('19', '【训练狗狗大全】狗狗常用训练科目大全分享', '【训练狗狗大全】狗狗常用训练科目大全分享【训练狗狗大全】狗狗常用训练科目大全分享【训练狗狗大全】狗狗常用训练科目大全分享', '爱宠爱生活', '<p>&nbsp;导读：【训练狗狗大全】狗狗常用训练科目大全分享，饲养宠物狗狗有很多的东西需要狗狗懂得，什么可以做，什么不可以做！这对狗狗的安全、家里的卫生以及对友邻干扰都是有必要的。作为一个爱狗人士，这些是我们必须要做的，对狗狗爱心的同时，也对他人的尊重。很多的日常训练，都是和狗狗的互动、一种快乐的享受，但训练不好，狗狗就不听话、不听你指挥。这就是训练技巧的不足，下面52狗狗网小编就来给大家分享一下：&nbsp;</p><div><strong>&nbsp;一、大小便训练</strong></div><p>&nbsp; &nbsp; 在狗窝外面固定角落或公寓厕所浴室内，上面铺沾有其尿液的乾报纸，然後把报纸摆在上头。为了让狗儿明白那里就是大小便的地方，你得在里头放一点它的排泄物 [如尿液乾後的报纸]，因报纸带有它熟悉的味道。在训练初期，报纸范围要尽量大一些，然後在慢慢地教它只能在报纸中「解决」。记得当它做对的时候，即刻予以赞扬一番;反之，则简短且态度坚决地斥责它。狗厕所的位置一旦决定，最好永远都不要随便移动，如此也能扩大它在家中的活动范围。但是教导幼犬,一个动作熟练後,再教导下一个动作,要有耐心..切勿操之过急.......</p><div><strong>二、不行、很好训练</strong></div><p>&nbsp; &nbsp; 看到狗狗行为不好的时候，应立刻制止它。并且发出[不行]口令，让它知道这种行为是不可以的，而且会受到主人的责骂。相反的，如果狗狗有良好的表现或行为时，就要立刻夸奖它发出[很好]口令，并抚摸其头部或脖子让它了解主人喜欢它这个动作。</p><div><strong>三、等一下、过来训练</strong></div><p>&nbsp; &nbsp; 等一下这个命令是暂时停止狗狗的动作。吃饭的时候，将食物置於狗狗的面前，然後给予「等一下」的口令，如此反覆训练。若要训练「过来」的动作，则可在散步的时候进行;呼唤它一声就前来，则立刻称赞它，若叫它的时候，它不过来或者是跑走，千万别动怒追打，顺其自然，过些时候再叫,尽量在平常养成放开自由活动时,让它和您保持不超过10公尺距离范围内。从小养成习惯绳索牵引是很重要ㄉ(*尤其是外出过马路时,避免发生意外事故~),至空旷ㄉ地方,放开它自由活动时,如果它稍微远离您时,就要招呼它回来,并养成不远离主人的好习惯~&nbsp;<br></p>', '1', '10', 'train', '2020-03-14 09:06:21');
INSERT INTO `article` VALUES ('20', '怎么训练狗狗大小便？', '怎么训练狗狗大小便？怎么训练狗狗大小便？怎么训练狗狗大小便？', '爱宠爱生活', '<p>导读：怎么训练狗狗大小便？宠物狗狗大小便训练是必须要做到的训练科目，宠物狗狗都和主人一起住干净的楼房，如果没有经过训练，就会搞的家里臭烘烘、骚气冲天，影响家里的环境和健康。所以，当宠物狗狗领养进家门那一天起，就需要对它们开始大小便训练，另外，在外面运动，也要定点大小便，不要让它们随便大小便，影响他人生活，饲养宠物狗狗虽然别人不能干涉，但也要尽量不去影响他人，不一定谁都喜欢宠物狗狗。那么怎么训练狗狗大小便呢？下面52狗狗网小编就来告诉大家：&nbsp;</p><h3>一、准备好厕所</h3><p>&nbsp; &nbsp; 要想以后宠物狗狗自己在家上厕所，那就要给它们准备好地方，厕所一般是要远离狗狗吃住的地方，最好是选择在卫生间的有角，用塑料钱盆里面放入厚厚的卫生纸，大小适中，自始至终要放在这里，让它们有大小便的时候，随时可以过来大小便。另外还要注意，厕所的门不能关上了，即使你训练好了狗狗，它们知道在哪里上厕所了，但厕所门关了，那让狗狗着急了，还是会忍不住大小便在其他地方，这就给以后的固定大小便的位置带来了麻烦。所以说，这点很重要，在它们没有进家门之前就需要考虑好，安排好，狗狗的狗窝放在哪里，厕所安排在什么地方，这都要事先考虑的，因为狗狗进家门就要吃，就要拉屎拉尿，不能养成坏习惯。</p><h3>二、观察狗狗想大小便的行为</h3><div>&nbsp; &nbsp; 狗狗在大小便的适合，就会急着在地上转圈，把鼻子在地面上嗅，这是它们在寻找有大小便气味的地方，如果地板上有以前它们拉屎拉尿的气味，就开始在这个范围拉，所以说，第一次大小便是很重要的，要注意观察，发现狗狗有大小便的行为，一般是在吃饭后五分钟比较常见，睡觉醒来也比较容易出现大小便的行为，所以要注意这两个时间段。</div><p>&nbsp; &nbsp; 当狗狗有不停的转圈，嗅地面的时候，可能就要大小便了，就把狗狗抱到、牵到准备好的厕所里，让狗狗第一次就在准备好的“狗狗厕所”里面拉，在卫生纸上拉大小便。等狗狗拉完了在抱走。</p><h3>三、注意处理卫生纸</h3><div>&nbsp; &nbsp; 很多人认为狗狗拉了大小便，就要把它们的厕所清理干净，扔掉拉屎的卫生纸，让家里的环境不被狗屎气味污染，这样的想法是对的，但不适合没有训练好的狗狗，那该怎么办呢？很多爱狗人士就要问了。</div><div>&nbsp; &nbsp; 此时，不要全部都人掉卫生纸，把上面的一层卫生纸和大便处理掉，如果是小便多，就多拿几层，留下带有狗狗屎尿味的下层的卫生纸让然放在狗狗厕所里面，这样等着下次使用。</div><div>&nbsp; &nbsp; 当下次狗狗要大小便的时候，只要把狗狗抱过来，放在狗狗准备的厕所里，它们就会低头嗅，就会很敏感的嗅到卫生纸上它们残留的尿液和狗屎味，即使你不按住让它们在上面拉，它们也会在上面拉，就算是没有大小便，你带他过来，他也会嗅，至少也要拉点尿在上面，这是狗狗的天性。</div><p>&nbsp; &nbsp; 就这样经过反复的牵着它们来大小便后，以后大小便了，就会自己上厕所，不需要家长监督了。当人，如果你不想它们在家里大小便，也可以在外面安排一个地方大小便的地方，方法也同上，很快它们就会学会自己大小便了。&nbsp;<br></p>', '0', '12', 'train', '2020-03-14 09:08:22');
INSERT INTO `article` VALUES ('21', '狗狗几个月开始训练 狗狗多大训练好？', '狗狗几个月开始训练 狗狗多大训练好？狗狗几个月开始训练 狗狗多大训练好？狗狗几个月开始训练 狗狗多大训练好？', '爱宠爱生活', '<p>导读：宠物狗狗是比较聪明的动物，经常和我们人类相伴，宠物狗狗毕竟的动物，对人的语言听不懂，训练的时候要掌握技巧。但很多爱狗人士不知道什么时候训练才好，经常咨询52狗狗网，问狗狗几个月开始训练 狗狗多大训练好？下面52狗狗网旗下的爱宠宝英国MAG宠物商城客服就来告诉大家：&nbsp;</p><div>&nbsp;宠物狗狗早点训练比较好，等他养成了坏习惯就很难纠正了。应该在幼犬成功断奶之后，就要进行训练他们了。幼犬是最佳训练时期，因为它们还没有养成一些固定的生活习惯，此时他们的性格和习惯是一张白纸，没有被”书写“，而此时的小狗狗对外界充满好奇心，对任何事物都想去探知，同时接受、记忆能力也是最强的。此时期的幼犬能最快的接受训练的内容，同时养成习惯。</div><div>&nbsp;</div><p>&nbsp; &nbsp; &nbsp; 因此，训练宠物狗狗要从小时候就开始，如果我们小时候没有关注训练，放任自由惯了，就会导致一些坏习惯，等到它们长大之后要想在改变，那就非常的困难了。训练的时候也要循序渐进，要从简单的开始训练，如行为习惯、生活态度等。等它们慢慢的长大，然后再进行一些技巧的训练，比如说跳跃、奔跑等各种科目，这样训练起来就比较容易了。&nbsp;<br></p>', '0', '14', 'train', '2020-03-14 09:10:45');
INSERT INTO `article` VALUES ('22', '【训练狗狗上厕所】', '【训练狗狗上厕所】【训练狗狗上厕所】【训练狗狗上厕所】', '爱宠爱生活', '<p>导读：【训练狗狗上厕所】狗狗的最先是狼，经过长期的驯养，成了我们人类的好伙伴，也是好朋友。它们从野生到走进家庭，需要一些的适应。比如，它们随地大小便的习惯有着根深蒂固的理解，它们是用小便来划分自己的领地。而作为宠物狗狗，就需要克制住这些不文明的习惯了，就需要我们的家长进行训练，定点大小便。下面52狗狗网小编就来给大家说说训练狗狗上厕所的方法：&nbsp;</p><div><strong>1、首先你必须了解狗狗的排便信号</strong></div><div>&nbsp;</div><p>&nbsp; &nbsp; &nbsp; 先说狗狗要大便的时候吧，这个非常好分辨。它们会夸张的在地上闻来闻去，转圈儿，然后就跟要选地儿似的走来走去半天。才会摆出要拉屎的姿势。所以你完全有时候在它转圈的时候把它抱到指定的地方。至于小便前的信号就不是那么明显了，特别是小狗，往往后腿一弯立马儿就尿，这个时候就需要手疾眼快啦，在它要尿尿的瞬间把它抱到指定的地点，当然有许多时候会出现“一路直播”的现象，那也没办法，完了再收拾吧。</p><div><strong>2、如果你没有可能长时间的保持对狗狗的关注，就很难达到训练目标&nbsp;</strong></div><div>&nbsp;</div><p>&nbsp; &nbsp; &nbsp; 如果你工作很忙，每天只有晚上的一小段时间可以陪狗狗，那想用这么点儿有限的时间完成对狗狗定点上厕所的训练是很难的。因为狗狗，特别是小狗狗记性可不太好，你必须通过反复的强调和指导它才记得住。所以如果你想完成这个训练，最好选择你有机会长时间关注它的时候，比如五一、十一、春节的长假，可是你休年假的时候，这样重点训练几天，成功的机会会高许多。</p><div><strong>3、如果你平时把狗狗关在笼子里，把它放出来的时候先带它到指定便便的地方&nbsp;</strong></div><div>&nbsp;</div><p>　 &nbsp;狗狗有在它意识里的干净，它们会尽量不在睡觉和吃饭的地方排泄。当然，如果你一直把它关在笼子里，它憋不住了也会在笼子里拉撒。不过即便如此，在你把它从笼子里放出来的时候，它还是会习惯性的先找个地方尿尿的。这个时候，你要做的是把它带到它可以便便的地方，比如厕所，把它关在里面待会儿，直到它尿尿了再把它放出来。久而久之，它就会记住厕所是尿尿的地方了。&nbsp;&nbsp;<br></p>', '0', '8', 'train', '2020-03-14 09:12:43');
INSERT INTO `article` VALUES ('23', '如何防止宠物狗狗走失 五个小方法防止宠物狗走失', '如何防止宠物狗狗走失 五个小方法防止宠物狗走失如何防止宠物狗狗走失 五个小方法防止宠物狗走失如何防止宠物狗狗走失 五个小方法防止宠物狗走失', '爱宠爱生活', '<p>导读：如何防止宠物狗狗走失 五个小方法防止宠物狗走失，经常看到有人在网上做寻狗启示，虽然有的狗狗是被人抱走的，但是，更多的狗狗还是自己走失的，宠物狗狗走失的原因有很多，总的来说还是一下原因造成的：受到惊吓逃离、追逐小动物、被别人引诱等，那么我们如何针对这些问题来对自己的狗狗加以训练呢？下面爱宠宝宠物商城专业客服就来给大家介绍五个小方法：&nbsp;</p>既然我们知道了狗狗走失最常见的原因，那我们就可以针对这些原因，拟出预防狗狗走失的方法。<br><br>&nbsp; 　　1.带狗狗熟悉回家的路<br><br>&nbsp; 　　平常带狗狗出门溜达的时候，就带狗狗在住家周围绕绕，让他记得回家的路!万一有一天，他偷跑出去玩，才能够找到回家的路，顺利地返家。<br><br>&nbsp; 　　2.确实做好唤回训练<br><br>&nbsp;　　平日务必确实教导狗狗听到主人呼喊狗狗名字，就立刻飞奔回来的习惯。在危急情况发生时，这点最管用。<br><br>&nbsp;　　3.让狗狗社会化<br><br>&nbsp;　　从小就跟人一起长大的狗狗，常常会有社会化不足的现象。这样的狗狗，会因为惧怕其他狗狗，或是看到其他狗狗时过于兴奋，而容易有脱轨的情形发生。如果常让家中的狗宝贝和其他狗狗聚会，认识其他狗朋友，对增进狗狗社会化有很大的帮助!这样当你在带你家狗宝贝出门时，就比较不会因为外在环境的刺激而让狗狗失控。<br><br>&nbsp; 　　4.为狗狗注射晶片<br><br>&nbsp; 　　晶片可以说是宠物的身分证。透过帮狗狗施打晶片，再向政府登记;就代表你是狗狗法律上的拥有人，狗狗一旦走丢，被别人捡走，就能够透过扫瞄晶片，确认是你的狗狗!如果狗狗不幸被补狗队抓走，也能够透过晶片的登记资料，联络到原来的狗爸妈。<br><br>&nbsp; 　　5.为狗狗配戴专属的名牌<br><br><p>&nbsp; &nbsp;　　市面上已经出现许多为狗狗量身定做的狗狗名牌。上面可以绣上狗狗姓名、狗爸妈姓名、狗爸妈联络电话。还有业者推出订做狗狗项圈、狗狗胸背带的服务。专属的狗狗项圈上，可以加上狗爸妈的联络方式，万一狗狗不幸走失，捡到你家宝贝的人，才知道该如何联络狗爸妈!&nbsp;<br></p>', '1', '7', 'conserve', '2020-03-14 09:15:57');
INSERT INTO `article` VALUES ('24', '巧妙利用玩具来训练狗狗游泳', '巧妙利用玩具来训练狗狗游泳巧妙利用玩具来训练狗狗游泳巧妙利用玩具来训练狗狗游泳', '爱宠爱生活', '<p>导读：巧妙利用玩具来训练狗狗游泳，宠物狗狗游泳的本领不必人类差，不过需要我们认真的锻炼它们，我们经常去公园遛狗的时候会发现，在公园的游泳池里，经常有狗狗在里面玩耍，有时候家长抛出一个小球，它们会离开去叼着游回到家长跟前来，那么如何训练狗狗游泳呢？下面我们就来看看本文：&nbsp;</p>训练狗狗游泳，首先要选择合适的游泳场所<br><br>&nbsp;&nbsp; 　　如果是第一次带狗去游泳，应该选择一个好的地方作为狗仔练习场，私人游泳池当然是最佳的选择，而小溪小河也是不错的。需要注意的是，所选择的练习场所一概要干净，底部不要有碎片，否则对人对狗来说都不安全。刚开始带狗游泳时，应该选择浅水的地方，方便教授。<br><br>&nbsp;&nbsp; 　　做好游泳安全措施　　在放狗狗下水之前，要为狗系好狗链。或者给初次游泳的狗狗穿上救生衣，这样才能够保证安全，也方便狗狗家长在水中随时控制。当狗狗在水中遇到问题，可以通过绳链及时地救狗于危难。而当狗狗系上狗链之后，就可以正式开始教授游泳第一课了。一般来说，胖胖狗和长毛狗的浮水能力会比其他狗好一些，因此也更容易学会游泳。<br><br><p>&nbsp; 　　用玩具练习狗狗的水性　　第一次游泳时，主人要陪狗狗到浅水处，让它习惯在水中活动，并可以把水轻轻泼到狗狗身上，但千万不要把水泼到它的脸上，以免狗狗觉得不舒服。有时，狗狗可能即使在浅水中也会感觉十分惊慌而拼命挣扎，遇到这种情况时，主人可以把手放在狗狗的腹部托着它，给它足够的支持，很快狗狗就可以平静下来了。当狗狗已经能够平静地待在水中，主人就可以拿着玩具，诱导狗狗一步步向前游，让它慢慢适应。贪玩的狗狗大多会开心地跟着玩具游来游去。等狗狗已经习惯了在水中游动时，就可以带它到深水处游泳了。&nbsp;<br></p>', '0', '12', 'conserve', '2020-03-14 09:17:22');
INSERT INTO `article` VALUES ('25', '七招教您接触陌生宠物狗狗', '七招教您接触陌生宠物狗狗七招教您接触陌生宠物狗狗七招教您接触陌生宠物狗狗', '爱宠爱生活', '<p>导读：七招教您接触陌生宠物狗狗，大家都知道，宠物狗狗遇到陌生人就会警惕，如果我们不了解宠物狗狗的性格，做出不当的动作，还会引起宠物狗狗的攻击。我们和陌生犬接触前一定要和犬主进行充分的沟通。这样就可以从狗狗主人那里了解的这种狗狗的性格。它在什么情况下容易发怒等等，然后根据以下七个方法，就可以轻松的接触陌生狗狗了。<br>　　俗话说：知己知彼，百战不殆和陌生犬接触前一定要和犬主进行充分的沟通。从犬主那里你要了解到这条犬的秉性特征，比如它喜欢什么，害怕什么，它在什么情况下不容易发怒，等等。<br>　　一、初次见面不要选在黄昏后　　狗在夜晚警戒心会增强，因此如果你想和一只陌生的狗迅速熟悉的话，最好不要把初次见面的时间安排在黄昏之后。<br>　　二、从上风方向接近狗　　对于比较温顺的狗，地点的选择并不是很重要，但对于凶猛的狗来说，站位的选择就大有学问了。首先，你要站在上风位置，让狗可以嗅到你的气味，这样会使它更容易接受你。其次，对于比较凶猛的狗，你要注意保持一个安全距离，不要让它伤到自己。<br>　　三、切忌蹲在狗旁边　　尽量摆低你的姿势，你高高地站在狗面前会给它一种压迫感不利于与狗进一步交流。对于小型犬，你可以半蹲在地上与它交流，但对于大型凶猛犬只，你千万不要蹲在或脆在它身边，因为一旦狗对你发起攻击，你将无法及时避开，后果会很严重。<br>　　四、你的气场很重要　　对于温顺亲人的狗你根本无需花费太多力气，只需要轻柔地对它讲话，抚摸它，稍加逗引便可完成亲善过程。不管狗是凶猛还是温顺，你都要去想：你真可爱，真乖!要知道，你的思想和对狗的态度会通过你的气场感知给狗。不要以为这是故弄玄虚，事实的确如此。<br>　　五、不要紧盯着它的眼睛看　　不管是人还是狗，紧盯着对方的眼睛看是一种挑衅的行为，会激怒对方。所以与对你不熟悉，怀有戒心的狗接触时一定不要紧盯着它的眼睛看。<br>　　六、摇尾巴并不都是表示亲热　　狗的思想会通过它的动作表现出来。一般说来，狗在发怒进攻的时候会耸起身上尤其是肩部的毛，使它看上去比平时要大一些。另外狗摇尾巴并不都是表示亲热，亲热地摇摇尾巴很柔顺，而警告即将发动进攻时尾巴摇摆得很僵硬。<br>　　七、怎样对付凶猛的狗　　不要立即接近它，首先在它的视线范围之内和它的主人亲切交谈，让它看到主人对你友善。需要注意的是，你的肢体语言一定不要大，否则会引起狗的戒备。不要盯着它的眼睛看，发自内心地去爱它，让狗感觉到你对它很友善没有威胁。如果狗对你扑叫不止，切忌大吼或假装打它，不要试图压倒它，而是让它冷静下来再进行交流。&nbsp;&nbsp;<br></p>', '0', '10', 'conserve', '2020-03-14 09:18:45');

-- ----------------------------
-- Table structure for banner
-- ----------------------------
DROP TABLE IF EXISTS `banner`;
CREATE TABLE `banner` (
  `id` int(11) NOT NULL AUTO_INCREMENT,
  `url` varchar(256) DEFAULT NULL COMMENT '图片地址',
  `alt` varchar(64) DEFAULT NULL COMMENT '描述',
  `state` int(11) DEFAULT '0' COMMENT '显示状态',
  `create_time` datetime NOT NULL COMMENT '创建时间',
  PRIMARY KEY (`id`) USING BTREE
) ENGINE=InnoDB AUTO_INCREMENT=10 DEFAULT CHARSET=utf8 ROW_FORMAT=DYNAMIC COMMENT='轮播图';

-- ----------------------------
-- Records of banner
-- ----------------------------
INSERT INTO `banner` VALUES ('7', 'http://localhost:8888/images/avcSTi-EGdsdpXGaJjkGhlYGuRmqVN97yyQShwNX8ovbMF6JuBDWN8BUF4VB5oV5joJrvItByyS4HHaWdXyO_DrXIaWutJls2xCVbatkhjUNNiIYVnHvzugZCuBITtvjski7YaLlHpkrQUr5euoQrg.jpg', '花千骨宠物乐园', '0', '2020-03-12 17:11:50');
INSERT INTO `banner` VALUES ('8', 'http://localhost:8888/images/cv5sdrdOLH_Q_8_zLoN7YjVT3H8FixmvTFf7zWvERZAb3fULDvxJT1BFUqCYISgVjoJrvItByyS4HHaWdXyO_DrXIaWutJls2xCVbatkhjUNNiIYVnHvzugZCuBITtvjski7YaLlHpkrQUr5euoQrg.jpg', '北京名佳动物医院', '0', '2020-03-12 17:12:51');
INSERT INTO `banner` VALUES ('9', 'http://localhost:8888/images/f756e57990aa3a53ee637dff83ed5b4e.jpg', '阿拉斯加', '0', '2020-03-12 17:13:37');

-- ----------------------------
-- Table structure for boarding_home
-- ----------------------------
DROP TABLE IF EXISTS `boarding_home`;
CREATE TABLE `boarding_home` (
  `id` int(11) NOT NULL AUTO_INCREMENT,
  `name` varchar(32) NOT NULL COMMENT '名称',
  `main_pic` varchar(512) DEFAULT NULL COMMENT '主图',
  `sub_images` text COMMENT '副图',
  `promise` varchar(512) DEFAULT NULL COMMENT '基地承诺',
  `feature` varchar(256) DEFAULT NULL COMMENT '服务特色',
  `custom_comment` varchar(256) DEFAULT NULL COMMENT '客服点评',
  `concat` varchar(32) DEFAULT NULL COMMENT '联系方式',
  `location` varchar(64) DEFAULT NULL COMMENT '位置信息',
  `create_time` datetime NOT NULL COMMENT '创建时间',
  PRIMARY KEY (`id`) USING BTREE
) ENGINE=InnoDB AUTO_INCREMENT=14 DEFAULT CHARSET=utf8 ROW_FORMAT=DYNAMIC COMMENT='寄养所信息';

-- ----------------------------
-- Records of boarding_home
-- ----------------------------
INSERT INTO `boarding_home` VALUES ('3', '金宝贝宠物寄养', 'http://localhost:8888/images/1010.jpg', 'http://localhost:8888/images/1010-1.jpg;http://localhost:8888/images/n_v2d8b446ea9b4b485e9d8653bac2f23f52.jpg;http://localhost:8888/images/n_v28f7da79a6e514557b845a1fd7f80601a.jpg;http://localhost:8888/images/n_v233df1a5595aa46bea13c168132bc0ad8.jpg', '宝贝宠物乐园，位于北京市顺义区大孙各庄镇，这里交通便利环境优美，从北京市里到乐园只需半个多小时，周边采摘，垂钓，农家乐密集。\n乐园采用一犬两舍的设计，里间外院上带雨棚的设计。内有三亩的草坪大院，外有两百亩的遛狗公园，让您的爱犬可以全天享受温暖的阳光和清新的空气。\n凡是来乐园的狗狗半个月即可享受免费的洗澡，长期寄养还可以免费接送。 乐园有多年训犬经验的训犬师，精通正向和负正向的训犬方法，擅长对狗狗的服从训练和行为训练。让每一个来学习的狗狗变得乖巧听话。\n', '1、一犬两舍设计，半开放式管理；冬季暖气加阳光棚，温暖如春；草坪大院放肆跑，时间充足\n2、多年训犬经验的训犬师；半个月享受免费的洗澡；长期寄养免费接送\n3、周边采摘，垂钓，农家乐；美容，摄影；养老及后事处理', '1、院子很大，足够狗狗活动\n2、狗舍在室内，每个狗舍配一间室外小院，能晒太阳\n3、老板训犬有一套', '010-8888-8888 18598688888', '广东省广州市海珠区阅江西路222号', '2020-03-12 15:33:20');
INSERT INTO `boarding_home` VALUES ('4', '春风十里宠物寄养乐园', 'http://localhost:8888/images/WechatIMG277.jpeg', 'http://localhost:8888/images/WechatIMG271.jpeg;http://localhost:8888/images/WechatIMG273_pj80.jpeg;http://localhost:8888/images/WechatIMG285_e6m4.jpeg;http://localhost:8888/images/WechatIMG294.jpeg', '*我们曾经是五环内宠物寄养业的明星，前年拆迁至风景秀丽的顺义杨镇地区，拥有近百间独立院落的宠物公寓，多名资深宠物保姆。\n*这里的宠物公寓间间带小院，空调舒适，背景音乐悠扬；价钱不会高离谱，但也不会很低廉，除了硬件环境如此，更因为宠物保姆会24小时不间断照顾所有小客人，甚至与他们同居一室。\n*民俗有曰“狗为財”即为金，本乐园的设计规划特地采用了奇门遁甲中旺主布局，旺犬健康更旺犬主人您吉祥如意。\n', '1、5亩阳光草坪，每天3次专人看护活动；下雨天有专属活动区，保证活动量\n2、一室一厅宽敞房间，24小时监控宠物动态。寄养期间免费洗澡。\n3、受过专业培训的小白老师会根据宠物自身情况及家长需求引导训练', '1、老板是年轻夫妇，一家五口起居都在小院，每日陪伴狗狗们\n2、装修环境不高端，但温馨惬意，老板是勤快干净人，每天闲不住的院子里打扫\n3、狗狗活动空间充足，户外玩耍时间很长\n4、老板新装置了静音吹风系统，非常有心，狗狗洗澡不再害怕了', '13911252965', '北京市首都机场以东高速公路旁', '2020-03-12 15:39:35');
INSERT INTO `boarding_home` VALUES ('5', '百胜阁宠物寄养', 'http://localhost:8888/images/n_v2c5d38c1d4b554e8e836b8b211aff6a63.jpg', 'http://localhost:8888/images/n_v24fd115564def46b091adca62c3187c10.jpg;http://localhost:8888/images/n_v254139832c95f4131b8daa0c06c2fcefb.jpg;http://localhost:8888/images/WechatIMG13_ac83.jpg;http://localhost:8888/images/WechatIMG22_sk1n.jpg', '这里有爱的家园、有爱的世界，我及我的团队家人也会爱他们，在您的爱宠需要陪伴照顾时我们会用心呵护他们。虽然我们不是主人但是我会尽力让它更快的融入这里的生活 我们这个团队有多年的养宠经验，让我帮助您照顾它、陪伴它，我会让它有在家里一样的快乐与自在。我们这里有专为猫猫设计的房间，您可以放心的让他们在这里生活散养。 在我们家寄养的猫猫都是健康的。我们这里寄养训练的狗狗都是快乐的。', '1、农家小院；自营自住；单间散养；活动自由；阳光充足；通风良好\n2、白天小院晒太阳；夜晚单间休息；早晚陪护溜弯\n3、专注寄养；免费游戏玩具；周边停车方便\n', '', '13241160769', '北京市顺义区后王各庄村', '2020-03-12 15:43:38');
INSERT INTO `boarding_home` VALUES ('6', 'KKMM宠物公寓', 'http://localhost:8888/images/0607570fd9f9d72abf6b6241dc2a2834349bbb2e_q93f.jpg', 'http://localhost:8888/images/136f44a7d933c895ab3eea27d91373f0830200f0.jpg;http://localhost:8888/images/3365bf389b504fc2c0e2c259eddde71191ef6df3.jpg;http://localhost:8888/images/9658652762d0f7032cf3e78000fa513d2797c5f0.jpg;http://localhost:8888/images/c9298335e5dde71189dd31aaafefce1b9d16612d.jpg', 'KK&MM宠物公寓是两位爱狗养狗的年轻人打造的汪星人乐园。提供宠物寄养、宠物沙龙、宠物美食等多种服务。KK&MM宠物公寓位于顺义区罗马湖公园附近，环境优美、空气清新。从北京市区出发预计30分钟车程即到，紧邻京承高速和机场北线，交通方便。 因为自己养狗，更知道狗狗们的需要。KK&MM宠物酒店将为来此寄养的狗狗们打造一个温馨舒适的寄养、玩耍环境，狗舍内带有空调、地暖，狗舍外配备大草坪、各种玩具，确保狗狗每日的运动量及保持心情愉快。 我们的服务建立在以“一起爱狗”为基础，悉心关注汪星人成长需求和人与爱犬间的互动体验，希望每只狗狗都能度过一段愉快时光！\n', '1、超豪华宠物单间公寓；纯天然户外草坪\n2、专人24小时照顾陪伴\n3、附加宠物照片写真', '1、环境非常好，整洁明亮，很多小木屋和木栅栏，温馨舒适\n2、全程发送视频照片，主人很放心', '18301402022', '北京市顺义区高白路7号', '2020-03-12 15:53:02');
INSERT INTO `boarding_home` VALUES ('7', '绿色犬语宠物学校', 'http://localhost:8888/images/hlkre_p6dXgD_OUm29H6dIzAzPKM8VvgIv8aNj2NmXlTHnprgj5JQnRdSUJp8DymjoJrvItByyS4HHaWdXyO_DrXIaWutJls2xCVbatkhjUNNiIYVnHvzugZCuBITtvjski7YaLlHpkrQUr5euoQrg.jpg', 'http://localhost:8888/images/D5O42ZO3F_x4E8bjb3fLCmIhwS7EidUl5sLUFD6WCccnoUW1A-Gr6vGOAKlpzNq4joJrvItByyS4HHaWdXyO_DrXIaWutJls2xCVbatkhjUNNiIYVnHvzugZCuBITtvjski7YaLlHpkrQUr5euoQrg.jpg;http://localhost:8888/images/qJgWQq-ANjVsrWG6rDFoU9NqMezmrJd7ytaUED9rnoW0oSiSuDeO-bW7ISPet3JIjoJrvItByyS4HHaWdXyO_DrXIaWutJls2xCVbatkhjUNNiIYVnHvzugZCuBITtvjski7YaLlHpkrQUr5euoQrg.jpg;http://localhost:8888/images/ydznNkvBRlYg8UKvAi-pbHHeLF81rkree4cFDteYS5HI9IWH2USlX25drB_EUKcIjoJrvItByyS4HHaWdXyO_DrXIaWutJls2xCVbatkhjUNNiIYVnHvzugZCuBITtvjski7YaLlHpkrQUr5euoQrg.jpg;http://localhost:8888/images/ynQvuFRdfqFWrFnjdJKmfRsvnvgz4bLrOC_kw4IZVEhJZLFfMo2DngJBqjtlKhWfjoJrvItByyS4HHaWdXyO_DrXIaWutJls2xCVbatkhjUNNiIYVnHvzugZCuBITtvjski7YaLlHpkrQUr5euoQrg.jpg', '*郊区自主小院，家庭宅基地，带草坪游乐区训练区\n*每个犬舍带10平米露天小院，供日常晒太阳休息；园内多条运动跑道，早中晚玩耍\n*宠物的礼仪培养训练及不良行为纠正；长时间寄养免费洗澡\n*北京绿色犬语宠物培训，专注家庭犬培训，以及宠物寄养。许多宠物主人已经是我们夫妇俩的老朋友了，每到出差旅游年节出行都会把狗狗带到这里。小院又很很多常驻狗口，已像自己家人一样熟悉；也有部分流动狗口，每年定时来小聚。欢迎新朋友们也来加入！', '1、郊区自主小院，家庭宅基地，带草坪游乐区训练区\n2、每个犬舍带10平米露天小院，供日常晒太阳休息；园内多条运动跑道，早中晚玩耍\n3、宠物的礼仪培养训练及不良行为纠正；长时间寄养免费洗澡', '1、老板部队从事30年训犬工作\n2、夫妇俩半辈子饲养训练宠物，对宠物的习性了如指掌更精通训练之道\n3、开阔活动场地，狗狗可以自由奔跑；多个隔离的运动跑道，保证运动量的同时避免了狗狗打架问题', '010-8888-8888', '广东省广州市海珠区阅江西路222号', '2020-03-12 16:01:24');
INSERT INTO `boarding_home` VALUES ('8', '迈道宠物公社', 'http://localhost:8888/images/IDSH5X2B6hZuwUhnceuDx6fyclGj7_5nH41tJwI567IwAkxsMf8NJ5E_YgAIRCZ7joJrvItByyS4HHaWdXyO_DrXIaWutJls2xCVbatkhjUNNiIYVnHvzugZCuBITtvjski7YaLlHpkrQUr5euoQrg_rtsk.jpg', 'http://localhost:8888/images/nfcLuLjq5uYDKGy0GUJrlU_urcQQ4e1PYOsVfZWMH_cwzm9uveChERRGdodKlwFcjoJrvItByyS4HHaWdXyO_DrXIaWutJls2xCVbatkhjUNNiIYVnHvzugZCuBITtvjski7YaLlHpkrQUr5euoQrg_24xx.jpg;http://localhost:8888/images/qK4aKTbz9KMaFKAiqi0dY9c1uxltMj5jvOYGRCFBkjqvfKHE67nJBl-ZP3TZ2_TTjoJrvItByyS4HHaWdXyO_DrXIaWutJls2xCVbatkhjUNNiIYVnHvzugZCuBITtvjski7YaLlHpkrQUr5euoQrg_bqvu.jpg;http://localhost:8888/images/QOD4mFKjEMN_pajuGVNtxUutOqmrk81BpNEHfxSyZpE9Vv-K7K1lRSAtc0Rwz-rWjoJrvItByyS4HHaWdXyO_DrXIaWutJls2xCVbatkhjUNNiIYVnHvzugZCuBITtvjski7YaLlHpkrQUr5euoQrg_2icq.jpg;http://localhost:8888/images/wArTOAi0ayIIK8LnqhBwvz-weAsp2j5Fp5kRTPBk2x12Z2NWo8mGzuxwarQuIULZjoJrvItByyS4HHaWdXyO_DrXIaWutJls2xCVbatkhjUNNiIYVnHvzugZCuBITtvjski7YaLlHpkrQUr5euoQrg_koso.jpg', '我们秉承“让宝宝安全、健康、开心，让家长放心”的服务理念，迈道有一支专业的管理、训导、代养和服务的团队，在这里享受24小时老师的贴心陪护。宝宝不会感到孤单寂寞，同时确保老师能够第一时间发现问题，及时解决', '1、房间全部暖气供暖了；每日保障4次室外活动；房间每日清洁、消毒\n2、抓拍照片发送微信；每日为狗狗检查身体、梳毛\n3、回家前享受免费游泳、洗澡\n', '1、有总店有分店共三家，环境及经营方向不同，分高中低档，分别以寄养、游泳、娱乐为主\n2、环境整洁舒适，收费适中，娱乐项目需收费\n3、寄养期间每日会发送狗狗游戏照片、视频\n', '010—89465790', '北京市顺义区南法信镇迈道宠物公社', '2020-03-12 16:08:50');
INSERT INTO `boarding_home` VALUES ('9', '犬帝宠物寄养中心', 'http://localhost:8888/images/WechatIMG4_e79q.jpg', 'http://localhost:8888/images/WechatIMG2.jpg;http://localhost:8888/images/WechatIMG3.jpg;http://localhost:8888/images/WechatIMG8.jpg;http://localhost:8888/images/WechatIMG11.jpg', '*2000多平方米的室外自由活动场地，可以让您的狗狗在这里尽情的奔跑和玩耍。\n*在食品方面，我们会按照狗狗主人所提供的日常喂食习惯和规律进行喂食\n*专业训练员能把你的狗狗训练成听话聪明的好狗狗，解决狗狗们的不良习惯。\n*训练项目：坐卧立前来握手躺吠叫等初级；大小便排放拒食后退等中级； 距离指挥等高级训练\n*我们会用我们的爱心和实际行动细心的对待每一只来俱乐部做客的狗狗，让它们在这里体会到在家里一样的温暖和快乐。', '1、25间犬舍独立分开，每间犬舍12平方米分为内间和外间。配套有医务室、美容室、育幼室等\n2、每天每只狗狗的自由活动时间会达到五小时以上，幼犬和老年犬根据具体情况而定。\n3、鹦鹉鸟寄养60，猫寄养包月600；犬包月寄养根据体重600—800；流浪猫狗一次性托养2000', '1、环境朴素，价格低廉\n2、20年坐地经营，寄养行业的先驱者，半生与宠物为伴，全家人都已是宠物行家\n3、宠物狗、猫咪、兔子、鹦鹉、鸟都可以寄养，小院就是一个天然生态园\n4、丰台、房山两处场地供选择', '13911786151', '北京市丰台区丰桥路7号院', '2020-03-12 16:14:23');
INSERT INTO `boarding_home` VALUES ('10', 'PET宠物乐园', 'http://localhost:8888/images/4b3f49212f8715e39a582a20a987435a285134.jpg', 'http://localhost:8888/images/7c774654f56febb66265d0b8023928c0156011.jpg;http://localhost:8888/images/8e82a7909cb91dbf3f2286687cfae055378110.jpg;http://localhost:8888/images/c046a648aa63798bd55c8ecceea6c41b223996.jpg;http://localhost:8888/images/fBZiKGlADc4XDQDU2lHxubE9j-KZ-kYcTwp_2exrb_x6n5ZukaDKXbUZoWU-KbOFjoJrvItByyS4HHaWdXyO_DrXIaWutJls2xCVbatkhjUNNiIYVnHvzugZCuBITtvjski7YaLlHpkrQUr5euoQrg.jpg', '以宠会友、学习交流、相互促进、欢乐无限”。训练俱乐部主要以理论结合实操教学，学习了解犬的行为学以及心理学，同一科目学习多种训练方法，学习了解不同犬只特性，从基础开始学，教学周期长，实用高效的教学体系；秉承“没有有问题的狗，只有有问题的主人”教人调犬，不论是训犬师培训班，还是宠物主人爱犬的行为矫正亲子课，都受到一致好评，效果显著，科目巩固', '1、大型草坪操场、游泳池；一宠一间犬舍；资深训犬师张诚教学训练\n2、寄养期间专人看护美容操场活动、洗澡免费\n3、服从寄养训练30天，纠正犬只不良行为', '1、有人工草坪，室外游泳池，会定期消毒，但冬季无法使用\n2、工作人员都是年轻有活力的爱狗人士，拥有专业养犬知识，愿意与宠主分享\n3、收费较低，性价比高', '13811271610', '北京市顺义区马坡镇京密路马坡汽车城南侧20米\n', '2020-03-12 16:26:42');
INSERT INTO `boarding_home` VALUES ('11', '菩提树下宠物乐园', 'http://localhost:8888/images/ce9f4de38879a098a72da810e6e36655105396.jpg', 'http://localhost:8888/images/-4913691707613085008-23449978-1502432010878.jpg;http://localhost:8888/images/a151fa3e376f3e82b837daf8a9b3ef8358505.jpg;http://localhost:8888/images/dc1816cfa93ca055748a32a76e3a0d63110968.jpg', '宠物乐园占地50亩，提供各种各样古灵精怪的宠物日用品，宠物训练、宠物寄养、宠物美容、宠物体检，甚至提供宠物酒吧、宠物结婚摄影、微电影拍摄等奇特的服务。菩提树下为顾客们提供水吧、餐厅和超市，旨在更加注重服务体验和情感联系的高品质服务。 乐园内有近一万平米的宽阔草坪供狗狗奔跑玩耍。二期16亩的面积提供给会员每年采摘园内的独立围圈，供团体或者家庭及单位的朋友们聚会。在北京，这里就像是狗狗的迪士尼。', '1、15亩游乐场地，多种训练设施；内有游泳馆、餐厅、采摘园等\n2、会员制服务，一室一院加活动区；每间高档环保宠物床，专人看护\n3、宠物游泳、洗澡、美容护理；休闲餐厅供主人休息；定期宠物聚会活动\n', '1、有超大型的土地院子、餐饮、宠物游泳池等，非常适合一家人携宠出游或狗友聚会\n2、中型游泳池，水质清澈见底，人宠可以同游或水下拍摄\n3、寄养有专门空间和场地，环境整洁，冬天暖气，提供高端宠物床\n4、会员制，价格中等偏高\n5、洗澡自助、店员洗要收费，价格偏高', '010-56253666', '北京市昌平区百善镇半壁街村63号菩提树下', '2020-03-12 16:36:22');
INSERT INTO `boarding_home` VALUES ('12', '家家有宠', 'http://localhost:8888/images/4e4dd2543b00f680_3_6mq1.jpg', 'http://localhost:8888/images/4e4dd2543b00f680_2_74ew.jpg;http://localhost:8888/images/9ef44c2604f7dce26b7a456cb9621ff8.jpg;http://localhost:8888/images/095b29fb2cf708829c4360cdc36c81cd.jpg', '所有入住的狗狗猫猫每日均由专业的饲养人员负责日常管理，由专业宠物保健医师进行健康检查 \n寄养：家庭式 单间式 散养式 窝养式等 上门接送 手续代办 协议服务一条龙\n宠物美容师拿证培训(学费低，实操强，技术先进，百分百推荐就业） \n长期寄养预留寄所报名进行中 (猫20元小型犬25元中型30大型40）\n* 可上门接送，仅收取成本路费\n* 专业实体公司信誉保障，寄养前可前来考察，后填写正规宠物寄养合同，双方签字，保障您的利益，和狗狗的利益，让您后顾无忧。', '1、家庭式寄养，狗狗寄养在自己家中，卫生温暖舒适温馨\n2、长期异类小宠20元猫咪25元/天 小型犬30元/天 中型犬35元/天 大型犬40元/天 超大型犬50元\n3、规范专业化家庭式寄养；确保按合同主人吩咐；可上门接送，仅收取成本路费', '1、个人家的小宅院，狗狗、猫咪、其他小动物都可以寄养，老板精通各种小动物的养护方法\n2、寄养分多种形式，多种房型，价格低廉', '13439821995', '北京通州区台湖镇政府养殖基地', '2020-03-12 16:50:50');
INSERT INTO `boarding_home` VALUES ('13', '花千骨宠物乐园', 'http://localhost:8888/images/avcSTi-EGdsdpXGaJjkGhlYGuRmqVN97yyQShwNX8ovbMF6JuBDWN8BUF4VB5oV5joJrvItByyS4HHaWdXyO_DrXIaWutJls2xCVbatkhjUNNiIYVnHvzugZCuBITtvjski7YaLlHpkrQUr5euoQrg.jpg', 'http://localhost:8888/images/38087eebe59e865aad43a3091c1930f7425449.jpg;http://localhost:8888/images/cX71gU3pLsoe9B4nvRdtgrTPll8QIJUjC9MySXw-hRwL5cDiWTZSCIAlwaWQCVeYjoJrvItByyS4HHaWdXyO_DrXIaWutJls2xCVbatkhjUNNiIYVnHvzugZCuBITtvjski7YaLlHpkrQUr5euoQrg.jpg;http://localhost:8888/images/P8lNB8U-yR71cHjtKpAzRfQvJ6OhcbyTm_ib1GRCS6sVHjafzTn3dPwBTn_l7QwxjoJrvItByyS4HHaWdXyO_DrXIaWutJls2xCVbatkhjUNNiIYVnHvzugZCuBITtvjski7YaLlHpkrQUr5euoQrg.jpg', '*花千骨宠物隶属于北京花千骨宠物服务有限公司，园区精心设计，按照适合狗狗的生活习性建造，每间犬舍18平米，双层真空保温玻璃大窗，正南朝向，阳光充足，配有加厚的宽大睡垫、紫外线消毒灯；\n*每个犬舍都配有独立的18平米活动小院，并有6000平米超大草坪，12*25米超大环保净化水游泳池、大型锦鲤鱼池、各种敏捷训练设施、白沙滩沙坑、儿童蹦床等娱乐设施。 每一个细节都为了给您的爱犬带来非同一般的感受。\n*宠物乐园室内全部铺设地暖，安装空调，犬舍配有视频监控，入住宠物别墅的狗狗每天都有专人陪同进行散步、健身、游戏，并且进行毛发梳理和身体清洁护理，我们为您的爱犬提供高品质的寄养服务。\n*花千骨宠物乐园是狗狗理想的度假休闲场所。', '1、专业技师持证上岗；全程透明公开\n2、标准化服务流程；严格把控细节\n3、进口设备消毒；杜绝交叉感染', '1、环境中等偏高端，收费合理\n2、除寄养外可以携宠娱乐。有狗狗的游乐项目，如游泳（室外泳池，春夏季开放）、中型跑步操场，也有人的娱乐项目，大厅可以休息聊天、喝酒\n3、接受鹦鹉等小动物寄养', '13901151769', '北京市顺义区小胡营村花千骨宠物乐园', '2020-03-12 16:55:54');

-- ----------------------------
-- Table structure for collect
-- ----------------------------
DROP TABLE IF EXISTS `collect`;
CREATE TABLE `collect` (
  `id` int(11) NOT NULL AUTO_INCREMENT,
  `user_id` int(11) DEFAULT NULL COMMENT '用户id',
  `resource_id` int(11) DEFAULT NULL COMMENT '收藏的资源id',
  `type` varchar(32) DEFAULT NULL COMMENT '资源类型 文章|视频',
  `create_time` datetime DEFAULT NULL COMMENT '收藏时间',
  PRIMARY KEY (`id`) USING BTREE
) ENGINE=InnoDB AUTO_INCREMENT=10 DEFAULT CHARSET=utf8 ROW_FORMAT=DYNAMIC COMMENT='收藏';

-- ----------------------------
-- Records of collect
-- ----------------------------
INSERT INTO `collect` VALUES ('2', '1', '3', 'video', '2020-03-22 10:08:53');
INSERT INTO `collect` VALUES ('3', '1', '2', 'article', '2020-03-22 15:36:05');
INSERT INTO `collect` VALUES ('6', '3', '12', 'article', '2020-03-29 08:58:31');
INSERT INTO `collect` VALUES ('8', '3', '3', 'video', '2020-04-01 08:16:12');
INSERT INTO `collect` VALUES ('9', '3', '2', 'article', '2020-04-25 09:59:31');

-- ----------------------------
-- Table structure for comment
-- ----------------------------
DROP TABLE IF EXISTS `comment`;
CREATE TABLE `comment` (
  `id` int(11) NOT NULL AUTO_INCREMENT,
  `content` varchar(255) DEFAULT NULL COMMENT '回复内容',
  `discussion_id` int(11) DEFAULT NULL COMMENT '讨论id',
  `author_id` int(20) DEFAULT NULL COMMENT '发表人id',
  `parent_id` int(11) DEFAULT NULL COMMENT '上一级评论',
  `to_uid` int(20) DEFAULT NULL COMMENT '评论目标',
  `level` varchar(1) DEFAULT NULL COMMENT '0 文章的评论 1 评论的评论 2 评论的回复 @',
  `create_date` datetime DEFAULT NULL COMMENT '创建时间',
  PRIMARY KEY (`id`) USING BTREE
) ENGINE=InnoDB AUTO_INCREMENT=13 DEFAULT CHARSET=utf8 ROW_FORMAT=DYNAMIC COMMENT='评论';

-- ----------------------------
-- Records of comment
-- ----------------------------
INSERT INTO `comment` VALUES ('1', '有人吗', '3', '3', '0', null, '0', '2020-03-29 16:03:58');
INSERT INTO `comment` VALUES ('2', '很好', '3', '4', '0', null, '0', '2020-03-29 16:49:23');
INSERT INTO `comment` VALUES ('3', '有啊', '3', '4', '1', null, '1', '2020-03-30 06:56:15');
INSERT INTO `comment` VALUES ('4', '没有', '3', '4', '1', '4', '2', '2020-03-30 07:14:23');
INSERT INTO `comment` VALUES ('5', '呵呵', '3', '4', '1', '4', '2', '2020-03-30 07:19:40');
INSERT INTO `comment` VALUES ('6', '真的好吗', '3', '3', '2', null, '1', '2020-03-30 07:22:13');
INSERT INTO `comment` VALUES ('7', '真的', '3', '3', '2', '3', '2', '2020-03-30 07:23:02');
INSERT INTO `comment` VALUES ('8', '大家好', '3', '3', '0', null, '0', '2020-03-30 07:44:12');
INSERT INTO `comment` VALUES ('9', '你好', '3', '3', '8', null, '1', '2020-03-30 07:44:24');
INSERT INTO `comment` VALUES ('10', '你也好', '3', '3', '8', '3', '2', '2020-03-30 08:04:06');
INSERT INTO `comment` VALUES ('11', '11', '5', '3', '0', null, '0', '2020-04-20 15:09:01');
INSERT INTO `comment` VALUES ('12', 'SABDSHC', '3', '3', '0', null, '0', '2020-04-25 09:39:00');

-- ----------------------------
-- Table structure for dict
-- ----------------------------
DROP TABLE IF EXISTS `dict`;
CREATE TABLE `dict` (
  `id` bigint(11) NOT NULL AUTO_INCREMENT,
  `name` varchar(255) NOT NULL COMMENT '字典名称',
  `remark` varchar(255) DEFAULT NULL COMMENT '描述',
  `create_time` datetime DEFAULT NULL COMMENT '创建日期',
  PRIMARY KEY (`id`) USING BTREE
) ENGINE=InnoDB AUTO_INCREMENT=11 DEFAULT CHARSET=utf8 ROW_FORMAT=COMPACT COMMENT='数据字典';

-- ----------------------------
-- Records of dict
-- ----------------------------
INSERT INTO `dict` VALUES ('7', 'article_type', '文章类型', null);
INSERT INTO `dict` VALUES ('8', '其他', '其他', null);
INSERT INTO `dict` VALUES ('10', 'display_staus', '显示状态', null);

-- ----------------------------
-- Table structure for dict_detail
-- ----------------------------
DROP TABLE IF EXISTS `dict_detail`;
CREATE TABLE `dict_detail` (
  `id` bigint(11) NOT NULL AUTO_INCREMENT,
  `label` varchar(255) DEFAULT NULL COMMENT '字典标签',
  `value` varchar(255) NOT NULL COMMENT '字典值',
  `sort` varchar(255) DEFAULT NULL COMMENT '排序',
  `dict_id` bigint(11) DEFAULT NULL COMMENT '字典id',
  `create_time` datetime DEFAULT NULL COMMENT '创建日期',
  PRIMARY KEY (`id`) USING BTREE,
  KEY `FK5tpkputc6d9nboxojdbgnpmyb` (`dict_id`) USING BTREE,
  CONSTRAINT `FK5tpkputc6d9nboxojdbgnpmyb` FOREIGN KEY (`dict_id`) REFERENCES `dict` (`id`)
) ENGINE=InnoDB AUTO_INCREMENT=18 DEFAULT CHARSET=utf8 ROW_FORMAT=COMPACT COMMENT='数据字典详情';

-- ----------------------------
-- Records of dict_detail
-- ----------------------------
INSERT INTO `dict_detail` VALUES ('14', '常见问题', 'problem', '999', '7', null);
INSERT INTO `dict_detail` VALUES ('15', '新闻', 'news', '999', '7', null);
INSERT INTO `dict_detail` VALUES ('16', '狗狗训练', 'train', '999', '7', null);
INSERT INTO `dict_detail` VALUES ('17', '养护知识', 'conserve', '999', '7', null);

-- ----------------------------
-- Table structure for discussion
-- ----------------------------
DROP TABLE IF EXISTS `discussion`;
CREATE TABLE `discussion` (
  `id` int(11) NOT NULL AUTO_INCREMENT,
  `title` varchar(64) DEFAULT NULL COMMENT '标题',
  `content` text COMMENT '内容',
  `view_count` int(11) DEFAULT '0' COMMENT '查看数量',
  `author_id` int(11) NOT NULL COMMENT '作者id',
  `create_time` datetime DEFAULT NULL COMMENT '创建时间',
  PRIMARY KEY (`id`) USING BTREE
) ENGINE=InnoDB AUTO_INCREMENT=10 DEFAULT CHARSET=utf8 ROW_FORMAT=DYNAMIC COMMENT='讨论';

-- ----------------------------
-- Records of discussion
-- ----------------------------
INSERT INTO `discussion` VALUES ('3', '达爱动物医院怎么样', '我听说达爱动物医院还可以，想问问大家意见', '35', '3', '2020-03-29 16:02:11');
INSERT INTO `discussion` VALUES ('4', '春风十里宠物寄养乐园怎么样', '我听说春风十里宠物寄养乐园还不错，想问问大家意见', '3', '4', '2020-03-29 16:51:35');
INSERT INTO `discussion` VALUES ('5', '绿房子动物医院太差了', '绿房子动物医院的卫生我觉得太差了，不知道大家觉得怎么样', '2', '4', '2020-03-29 16:53:34');
INSERT INTO `discussion` VALUES ('6', '', '', '0', '3', '2020-04-19 18:07:17');
INSERT INTO `discussion` VALUES ('7', '', '', '0', '3', '2020-04-20 15:09:20');
INSERT INTO `discussion` VALUES ('8', 'aDVG', 'SAHCV', '1', '3', '2020-04-25 09:38:44');
INSERT INTO `discussion` VALUES ('9', 'nihaoma', 'asasc', '1', '3', '2020-04-25 14:07:01');

-- ----------------------------
-- Table structure for hospital
-- ----------------------------
DROP TABLE IF EXISTS `hospital`;
CREATE TABLE `hospital` (
  `id` int(11) NOT NULL AUTO_INCREMENT,
  `name` varchar(32) NOT NULL COMMENT '名称',
  `main_pic` varchar(256) DEFAULT NULL COMMENT '主图',
  `sub_images` text COMMENT '副图',
  `content` text COMMENT '内容',
  `concat` varchar(32) DEFAULT NULL COMMENT '联系方式',
  `location` varchar(64) DEFAULT NULL COMMENT '位置信息',
  `create_time` datetime NOT NULL COMMENT '创建时间',
  PRIMARY KEY (`id`) USING BTREE
) ENGINE=InnoDB AUTO_INCREMENT=15 DEFAULT CHARSET=utf8 ROW_FORMAT=DYNAMIC COMMENT='医院信息';

-- ----------------------------
-- Records of hospital
-- ----------------------------
INSERT INTO `hospital` VALUES ('3', '达爱动物医院', 'http://localhost:8888/images/m--TTIcnTveyu2rGI6BOF9drK7T2BIFPJJABxyOdNJUzTSfv2liYsq1ryCXBVUUUjoJrvItByyS4HHaWdXyO_DrXIaWutJls2xCVbatkhjUNNiIYVnHvzugZCuBITtvjski7YaLlHpkrQUr5euoQrg.jpg', 'http://localhost:8888/images/21cf8df4e62ffe9abccd9b77c23158441116191.jpeg;http://localhost:8888/images/aOGr1yC9YdM0TpBf7WiJvAZI2M0TbwwMqF3UhzKscsmgkucm2nCHBzF2FfLQxHNwjoJrvItByyS4HHaWdXyO_DrXIaWutJls2xCVbatkhjUNNiIYVnHvzugZCuBITtvjski7YaLlHpkrQUr5euoQrg.jpg', '<p>达爱动物医院是一家很好的医院</p>', '010-88859567', '北京市朝阳区长店大街京旺家园三区', '2020-03-12 14:25:32');
INSERT INTO `hospital` VALUES ('4', '乐爱动物医院', 'http://localhost:8888/images/JOC73xeiJDc6RfTCkEBDARNPuXyv6upfzk6mdQLw02N6lo_kpsFhbNx1yHyVDqGrjoJrvItByyS4HHaWdXyO_DrXIaWutJls2xCVbatkhjUNNiIYVnHvzugZCuBITtvjski7YaLlHpkrQUr5euoQrg.jpg', 'http://localhost:8888/images/99UQmDKUuryBscoVc34C4hmu9yw8fyaDu2XreC8SBix6X-SGifYn7dkErBNhKP0AjoJrvItByyS4HHaWdXyO_DrXIaWutJls2xCVbatkhjUNNiIYVnHvzugZCuBITtvjski7YaLlHpkrQUr5euoQrg.jpg;http://localhost:8888/images/gW-ntSCvm53y_EnIXF2XNJWDI9ap2sh6vlRns96ui1uEG8txXxaDN6fdPJUKRmNQjoJrvItByyS4HHaWdXyO_DrXIaWutJls2xCVbatkhjUNNiIYVnHvzugZCuBITtvjski7YaLlHpkrQUr5euoQrg.jpg;http://localhost:8888/images/LBNmtbBWanKYrtk3g-KpXWBJBhKYhm-jv3-oh8vpgzcZWk8eZQMRW2FeuVD9x_wbjoJrvItByyS4HHaWdXyO_DrXIaWutJls2xCVbatkhjUNNiIYVnHvzugZCuBITtvjski7YaLlHpkrQUr5euoQrg_gw2d.jpg', '<p>乐爱动物医院是一家很好的医院</p>', '010-88859567', '北京市海淀区彰化南路裕泽园7号楼底商', '2020-03-12 14:27:56');
INSERT INTO `hospital` VALUES ('5', '北京天照爱宠动物医院', 'http://localhost:8888/images/o3EQYL4LdAMbUv6lUH-PscnmTKbgKnhWPlHKbU75eejyIO9nTVTBxcJvBnuXpvLajoJrvItByyS4HHaWdXyO_DrXIaWutJls2xCVbatkhjUNNiIYVnHvzugZCuBITtvjski7YaLlHpkrQUr5euoQrg.jpg', 'http://localhost:8888/images/4SdvfNhwjqw9E2xdAT3r394BN5omEBHB_MvNMsg8OIWViAhwi3EnjQ1hCPpfw-X0joJrvItByyS4HHaWdXyO_DrXIaWutJls2xCVbatkhjUNNiIYVnHvzugZCuBITtvjski7YaLlHpkrQUr5euoQrg.jpg;http://localhost:8888/images/MOQrqdJgx8M2nTKpSNbe7rWasmdj2jtIK8uKx3-fjfCWLdgO3w7TQgfayWjYdTCtjoJrvItByyS4HHaWdXyO_DrXIaWutJls2xCVbatkhjUNNiIYVnHvzugZCuBITtvjski7YaLlHpkrQUr5euoQrg.jpg;http://localhost:8888/images/x5b83CkAc2RuDsJjPDT8e3OcAiNipWcOZrbuRx2rCYo3uebbdWqQy5JPdEUcWhUbjoJrvItByyS4HHaWdXyO_DrXIaWutJls2xCVbatkhjUNNiIYVnHvzugZCuBITtvjski7YaLlHpkrQUr5euoQrg.jpg', '<p>北京天照爱宠动物医院是一家很好的医院</p>', '010-83555583', '北京市西城区贵都国际中心底商', '2020-03-12 14:31:09');
INSERT INTO `hospital` VALUES ('6', '宠爱国际动物医院', 'http://localhost:8888/images/rmm6XspI4q0k95JGYALwlgJjOTWPr3oT0wU9_9F115sZWk8eZQMRW2FeuVD9x_wbjoJrvItByyS4HHaWdXyO_DrXIaWutJls2xCVbatkhjUNNiIYVnHvzugZCuBITtvjski7YaLlHpkrQUr5euoQrg.jpg', 'http://localhost:8888/images/4sRh8mKu7ZuDwt-lRAuvPLE9zG5awCsqRvOLQ4UnkhEcsKmuFA0GbGX2sKiTUaZxjoJrvItByyS4HHaWdXyO_DrXIaWutJls2xCVbatkhjUNNiIYVnHvzugZCuBITtvjski7YaLlHpkrQUr5euoQrg.jpg;http://localhost:8888/images/P8Mk1aLqcawRRXN_It7r_6Xbzi0AjrJIbCvurvgSG4g-qWei53Gil9abJGGAXOm_joJrvItByyS4HHaWdXyO_DrXIaWutJls2xCVbatkhjUNNiIYVnHvzugZCuBITtvjski7YaLlHpkrQUr5euoQrg.jpg;http://localhost:8888/images/wUrkcPSSpHKO1p5lap1lnjsUxaFA4rV-p-HPdI6eg7RW4zcMmE86gACFY5irlB1CjoJrvItByyS4HHaWdXyO_DrXIaWutJls2xCVbatkhjUNNiIYVnHvzugZCuBITtvjski7YaLlHpkrQUr5euoQrg.jpg', '<p>宠爱国际动物医院是一家很好的医院</p>', '010-64491892', '北京市朝阳区芍药居北里317号楼', '2020-03-12 14:34:41');
INSERT INTO `hospital` VALUES ('7', '美宠医和动物医院', 'http://localhost:8888/images/TBpZpfVJteiocF_WpEk4cAwMiheZfQmWOC0uzE6PXanj3BCsJw3apoGOxNj8GjSqjoJrvItByyS4HHaWdXyO_DrXIaWutJls2xCVbatkhjUNNiIYVnHvzugZCuBITtvjski7YaLlHpkrQUr5euoQrg.jpg', 'http://localhost:8888/images/7bqjlfkD_Cp6ovYzqylkQroHnmk6WNNwadtSwzVRi00h3ADqnnDmTl4ClHrYoS_QjoJrvItByyS4HHaWdXyO_DrXIaWutJls2xCVbatkhjUNNiIYVnHvzugZCuBITtvjski7YaLlHpkrQUr5euoQrg.jpg;http://localhost:8888/images/Q4csB7dP24-mtemclSoaQpLcyuMRFXEsL04HNxMpBfLA2133JmxyoJVxRUYtLPhXjoJrvItByyS4HHaWdXyO_DrXIaWutJls2xCVbatkhjUNNiIYVnHvzugZCuBITtvjski7YaLlHpkrQUr5euoQrg.jpg;http://localhost:8888/images/riLbAAp4IR-Ia8YTg-XKtNezi0ng9mtmKgfRIW2yfn6aYBAPVE6jc5e4Mli570xPjoJrvItByyS4HHaWdXyO_DrXIaWutJls2xCVbatkhjUNNiIYVnHvzugZCuBITtvjski7YaLlHpkrQUr5euoQrg.jpg', '<p>美宠医和动物医院是一家很好的医院</p>', '4000765321', '北京市海淀区清河一街60号', '2020-03-12 14:39:52');
INSERT INTO `hospital` VALUES ('8', '瑞派·关忠动物医院', 'http://localhost:8888/images/aVoCCMNGvcjzOMz-XSUQDJCOp-KMTY3Eayzlu0OCUCjJDRY7-AEYtILZt_KuQUlcjoJrvItByyS4HHaWdXyO_DrXIaWutJls2xCVbatkhjUNNiIYVnHvzugZCuBITtvjski7YaLlHpkrQUr5euoQrg.jpg', 'http://localhost:8888/images/feGH5LccisyVhKQ1RS5pKC-U_sy2_GyCTygDImuyDM1bnpM9T49yMmnt4yPiPxuwjoJrvItByyS4HHaWdXyO_DrXIaWutJls2xCVbatkhjUNNiIYVnHvzugZCuBITtvjski7YaLlHpkrQUr5euoQrg.jpg;http://localhost:8888/images/pKfzyF-C1bvstcxAg3F-Vs8uBSqw6QgqS3fiwqNmlgTmJu6skfkszgwG9v8QElsojoJrvItByyS4HHaWdXyO_DrXIaWutJls2xCVbatkhjUNNiIYVnHvzugZCuBITtvjski7YaLlHpkrQUr5euoQrg.jpg;http://localhost:8888/images/rm_bYlFhaJ06g7vxAywn77l2hd6DvUbFeIl7UI7y0wfDO0P3XwjXE2b786aP6Pq4joJrvItByyS4HHaWdXyO_DrXIaWutJls2xCVbatkhjUNNiIYVnHvzugZCuBITtvjski7YaLlHpkrQUr5euoQrg.jpg', '<p>瑞派·关忠动物医院是一家很好的医院</p>', '010-63367276', '北京市西城区车站西街13号院4-1号', '2020-03-12 14:45:24');
INSERT INTO `hospital` VALUES ('10', '绿房子动物医院', 'http://localhost:8888/images/iE-Bb5-HrZXNTog2iZ280B4GE_gezsQfo60B8ZgZ5f7wL1x2rL0irjObX8s7CRNdjoJrvItByyS4HHaWdXyO_DrXIaWutJls2xCVbatkhjUNNiIYVnHvzugZCuBITtvjski7YaLlHpkrQUr5euoQrg.jpg', 'http://localhost:8888/images/B_11YU1kLynKRITqaayVhXd_yxuiO9gQQfTAAn0Xek-OcSrn2MuHhVsKZxZK3SoEjoJrvItByyS4HHaWdXyO_DrXIaWutJls2xCVbatkhjUNNiIYVnHvzugZCuBITtvjski7YaLlHpkrQUr5euoQrg.jpg;http://localhost:8888/images/ndQO7S_RO_yTDPZI_6FNctjFoNRogwV7WhhvNtUHoo_4cT73WhcqPkaTBMLUhx68joJrvItByyS4HHaWdXyO_DrXIaWutJls2xCVbatkhjUNNiIYVnHvzugZCuBITtvjski7YaLlHpkrQUr5euoQrg.jpg', '<p>绿房子动物医院是一家很好的医院</p>', '010-64215569', '北京市朝阳区和平街-八区3号楼104\n', '2020-03-12 14:55:14');
INSERT INTO `hospital` VALUES ('11', '中农锦绣动物医院', 'http://localhost:8888/images/MlvNJ-aXaZ1C_tNg4OTQXfWd5osf7HVGc4VwW_dSTUaOIamtgn9yOgxm7XNDABlujoJrvItByyS4HHaWdXyO_DrXIaWutJls2xCVbatkhjUNNiIYVnHvzugZCuBITtvjski7YaLlHpkrQUr5euoQrg.jpg', 'http://localhost:8888/images/1RCbFpoI72cVunULPHciC9_megnhmEABvUy3zgfNqbDJ-JMpgRkYwbGCsposq-WMjoJrvItByyS4HHaWdXyO_DrXIaWutJls2xCVbatkhjUNNiIYVnHvzugZCuBITtvjski7YaLlHpkrQUr5euoQrg.jpg;http://localhost:8888/images/ePtgkVzVnUHPVYJFwfeVoipSKEUmSOGXUfmdVGut6HZ-NpRbr0UwQ7niAIDwKWOCjoJrvItByyS4HHaWdXyO_DrXIaWutJls2xCVbatkhjUNNiIYVnHvzugZCuBITtvjski7YaLlHpkrQUr5euoQrg.jpg;http://localhost:8888/images/iAU01uilMNttOzKfIZtZEtFfJShwxIigB6gU3yQ7rGdW4zcMmE86gACFY5irlB1CjoJrvItByyS4HHaWdXyO_DrXIaWutJls2xCVbatkhjUNNiIYVnHvzugZCuBITtvjski7YaLlHpkrQUr5euoQrg.jpg;http://localhost:8888/images/rWFNiZrupmKgMDY9zVVAPzFKcebSsFpMQRNQS-E6DBnmJu6skfkszgwG9v8QElsojoJrvItByyS4HHaWdXyO_DrXIaWutJls2xCVbatkhjUNNiIYVnHvzugZCuBITtvjski7YaLlHpkrQUr5euoQrg.jpg', '<p>中农锦绣动物医院是一家很好的医院</p>', '010-80461052', '北京市顺义区火沙路北京方糖1号楼', '2020-03-12 14:57:44');
INSERT INTO `hospital` VALUES ('12', '宠爱国际动物医院', 'http://localhost:8888/images/qRna8uv1TQTkRVdBw0qcTphFLZtIlpq5k-xYqg_CtiJW41mHeTG1kK-V8SvG1JmmjoJrvItByyS4HHaWdXyO_DrXIaWutJls2xCVbatkhjUNNiIYVnHvzugZCuBITtvjski7YaLlHpkrQUr5euoQrg.jpg', 'http://localhost:8888/images/36o3W3-POhU7KAfwBIFug42Zo8LsalVTbt3wJN8fVIEu74tjFs37spb-6mEnnHXbjoJrvItByyS4HHaWdXyO_DrXIaWutJls2xCVbatkhjUNNiIYVnHvzugZCuBITtvjski7YaLlHpkrQUr5euoQrg.jpg;http://localhost:8888/images/nCra2RpbadzRKj_nyEKWpVsAc-xy1-wtDtE9FUGFwvW7c_sDj_VL_G_sMtgg1nN6joJrvItByyS4HHaWdXyO_DrXIaWutJls2xCVbatkhjUNNiIYVnHvzugZCuBITtvjski7YaLlHpkrQUr5euoQrg.jpg;http://localhost:8888/images/xA8IZ6sUFH0jSSL3_imrHgS2zMlNFdH85Mv-QbEO2BoiwrBb5QDLn8whC_rzgH4hjoJrvItByyS4HHaWdXyO_DrXIaWutJls2xCVbatkhjUNNiIYVnHvzugZCuBITtvjski7YaLlHpkrQUr5euoQrg.jpg', '<p>宠爱国际动物医院是一家很好的医院</p>', '010-84163991', '北京市顺义区万科天竺悦城乐园路8号院5号楼', '2020-03-12 15:03:40');
INSERT INTO `hospital` VALUES ('13', '宠福鑫动物医院', 'http://localhost:8888/images/Bpgl3brAEu-fPGZAEQukHkHaXz3Qo82Rmx0-yk7BLtNYSwWp787JWsI2aFeJAkNMjoJrvItByyS4HHaWdXyO_DrXIaWutJls2xCVbatkhjUNNiIYVnHvzugZCuBITtvjski7YaLlHpkrQUr5euoQrg.jpg', 'http://localhost:8888/images/CQLHVVdaj3c9f0_XzbHXoa7G7T9WnSfZUxcn4vSfaBJzi8T-Y6YXf4kATIVdORdQjoJrvItByyS4HHaWdXyO_DrXIaWutJls2xCVbatkhjUNNiIYVnHvzugZCuBITtvjski7YaLlHpkrQUr5euoQrg.jpg;http://localhost:8888/images/CZhe26IwCiujDTCd4GMSBZ_TZ7G5WWGG3QvoxbAEHG126OumLF9IdO_66h-v18-5joJrvItByyS4HHaWdXyO_DrXIaWutJls2xCVbatkhjUNNiIYVnHvzugZCuBITtvjski7YaLlHpkrQUr5euoQrg.jpg;http://localhost:8888/images/RqIFK-sC0D4UpuWRVUlRXR2Ji5ao-kDX7iuDlZuIkkkCCnq-2fPZxM8ThQ2sImF6joJrvItByyS4HHaWdXyO_DrXIaWutJls2xCVbatkhjUNNiIYVnHvzugZCuBITtvjski7YaLlHpkrQUr5euoQrg.jpg;http://localhost:8888/images/t2gj5_PvBEy03Nv0-mIM8N_zdLxZTkNjxfpb2tyANVgCCnq-2fPZxM8ThQ2sImF6joJrvItByyS4HHaWdXyO_DrXIaWutJls2xCVbatkhjUNNiIYVnHvzugZCuBITtvjski7YaLlHpkrQUr5euoQrg.jpg', '<p>宠福鑫动物医院是一家很好的医院</p>', '010-64127486', '北京市昌平区立水桥西路合立方小区5号楼底商', '2020-03-12 15:11:21');
INSERT INTO `hospital` VALUES ('14', '北京宜安动物医院', 'http://localhost:8888/images/cv5sdrdOLH_Q_8_zLoN7YjVT3H8FixmvTFf7zWvERZAb3fULDvxJT1BFUqCYISgVjoJrvItByyS4HHaWdXyO_DrXIaWutJls2xCVbatkhjUNNiIYVnHvzugZCuBITtvjski7YaLlHpkrQUr5euoQrg.jpg', 'http://localhost:8888/images/ex_KZXRF2Km4ZtQIeRr9G0m9udpqmRB9kiywA5Wa-QFouI64PLnDNyiI08ZHM8ZfjoJrvItByyS4HHaWdXyO_DrXIaWutJls2xCVbatkhjUNNiIYVnHvzugZCuBITtvjski7YaLlHpkrQUr5euoQrg.jpg;http://localhost:8888/images/u6b8doBjM3uBOkFJQ3JqIz4C6Jn3-8U19zWkG9BCqGRW41mHeTG1kK-V8SvG1JmmjoJrvItByyS4HHaWdXyO_DrXIaWutJls2xCVbatkhjUNNiIYVnHvzugZCuBITtvjski7YaLlHpkrQUr5euoQrg.jpg;http://localhost:8888/images/ykxpOgVyKv5JyEyNoKKSDyVvkTfVWVtScGeo1PcJrhhiWRr1Oyx9E1Ltd1LLhGf7joJrvItByyS4HHaWdXyO_DrXIaWutJls2xCVbatkhjUNNiIYVnHvzugZCuBITtvjski7YaLlHpkrQUr5euoQrg.jpg', '<p>北京宜安动物医院是一家很好的医院</p>', '010-80479425', '广东省广州市海珠区阅江西路222号', '2020-03-12 15:13:24');

-- ----------------------------
-- Table structure for manager
-- ----------------------------
DROP TABLE IF EXISTS `manager`;
CREATE TABLE `manager` (
  `id` int(11) NOT NULL AUTO_INCREMENT,
  `account` varchar(32) DEFAULT NULL COMMENT '登录账号',
  `name` varchar(32) DEFAULT NULL COMMENT '名称',
  `password` varchar(32) DEFAULT NULL COMMENT '密码',
  `role` varchar(32) DEFAULT NULL COMMENT '角色',
  `create_time` datetime DEFAULT NULL COMMENT '创建时间',
  `state` int(11) DEFAULT '1' COMMENT '状态 0：禁用 1：启用',
  `avatar` tinytext COMMENT '头像',
  PRIMARY KEY (`id`) USING BTREE
) ENGINE=InnoDB AUTO_INCREMENT=16 DEFAULT CHARSET=utf8 ROW_FORMAT=DYNAMIC COMMENT='管理员';

-- ----------------------------
-- Records of manager
-- ----------------------------
INSERT INTO `manager` VALUES ('1', 'admin', '超级管理员', '123456', 'admin', '2020-03-05 20:49:11', '1', null);
INSERT INTO `manager` VALUES ('12', 'test', '管理员cZqHQe', '123', 'manager', '2020-03-07 07:21:02', '1', null);
INSERT INTO `manager` VALUES ('15', '1', '管理员v9glK0', '1', 'manager', '2020-03-22 14:45:17', '1', 'http://localhost:8888/images/default.jpg');

-- ----------------------------
-- Table structure for notice
-- ----------------------------
DROP TABLE IF EXISTS `notice`;
CREATE TABLE `notice` (
  `id` int(11) NOT NULL AUTO_INCREMENT,
  `title` varchar(128) DEFAULT NULL COMMENT '通知标题',
  `content` text COMMENT '通知内容',
  `user_id` int(11) DEFAULT NULL COMMENT '通知的用户id',
  `type` int(11) DEFAULT '0' COMMENT '通知类型：1-系统通知 2-被回复通知',
  `read_time` date DEFAULT NULL COMMENT '阅读时间,null表示还未阅读',
  `create_time` date DEFAULT NULL COMMENT '创建时间',
  PRIMARY KEY (`id`) USING BTREE
) ENGINE=InnoDB AUTO_INCREMENT=13 DEFAULT CHARSET=utf8 ROW_FORMAT=DYNAMIC COMMENT='通知';

-- ----------------------------
-- Records of notice
-- ----------------------------
INSERT INTO `notice` VALUES ('1', '您的讨论【达爱动物医院怎么样】被回复啦！', '用户13353036037: 有人吗', '3', '2', null, '2020-03-29');
INSERT INTO `notice` VALUES ('2', '您的讨论【达爱动物医院怎么样】被回复啦！', '用户17772434324: 很好', '3', '2', null, '2020-03-29');
INSERT INTO `notice` VALUES ('3', '你的评论【有人吗】被回复啦！', '用户17772434324: 有啊', '3', '2', null, '2020-03-30');
INSERT INTO `notice` VALUES ('4', '用户17772434324回复了你的评论', '用户17772434324: 没有', '4', '2', null, '2020-03-30');
INSERT INTO `notice` VALUES ('5', '用户17772434324回复了你的评论', '用户17772434324: 呵呵', '4', '2', null, '2020-03-30');
INSERT INTO `notice` VALUES ('6', '你的评论【很好】被回复啦！', '用户13353036037: 真的好吗', '4', '2', null, '2020-03-30');
INSERT INTO `notice` VALUES ('7', '用户13353036037回复了你的评论', '用户13353036037: 真的', '3', '2', null, '2020-03-30');
INSERT INTO `notice` VALUES ('8', '您的讨论【达爱动物医院怎么样】被回复啦！', '用户13353036037: 大家好', '3', '2', null, '2020-03-30');
INSERT INTO `notice` VALUES ('9', '你的评论【大家好】被回复啦！', '用户13353036037: 你好', '3', '2', null, '2020-03-30');
INSERT INTO `notice` VALUES ('10', '用户13353036037回复了你的评论', '用户13353036037: 你也好', '3', '2', null, '2020-03-30');
INSERT INTO `notice` VALUES ('11', '您的讨论【绿房子动物医院太差了】被回复啦！', '用户13353036037: 11', '4', '2', null, '2020-04-20');
INSERT INTO `notice` VALUES ('12', '您的讨论【达爱动物医院怎么样】被回复啦！', '用户13353036037: SABDSHC', '3', '2', null, '2020-04-25');

-- ----------------------------
-- Table structure for pet
-- ----------------------------
DROP TABLE IF EXISTS `pet`;
CREATE TABLE `pet` (
  `id` int(11) NOT NULL AUTO_INCREMENT,
  `name` varchar(32) DEFAULT NULL COMMENT '名称',
  `description` text COMMENT '描述',
  `content` text COMMENT '内容',
  `main_pic` varchar(128) DEFAULT NULL COMMENT '主图片',
  `sub_images` text COMMENT '副图',
  `view_count` int(11) DEFAULT '0' COMMENT '查看次数',
  `create_time` datetime NOT NULL COMMENT '创建时间',
  `modify_time` datetime DEFAULT NULL COMMENT '修改时间',
  PRIMARY KEY (`id`) USING BTREE
) ENGINE=InnoDB AUTO_INCREMENT=40 DEFAULT CHARSET=utf8 ROW_FORMAT=DYNAMIC COMMENT='宠物狗类别';

-- ----------------------------
-- Records of pet
-- ----------------------------
INSERT INTO `pet` VALUES ('7', '德国牧羊犬', '德牧', '<p>德国<a target=\"_blank\" href=\"https://baike.baidu.com/item/%E7%89%A7%E7%BE%8A%E7%8A%AC/1168668\">牧羊犬</a>，别名德国<a target=\"_blank\" href=\"https://baike.baidu.com/item/%E9%BB%91%E8%83%8C\">黑背</a>（贝），也就是人们常说的——德国狼犬，此犬种据说原产<a target=\"_blank\" href=\"https://baike.baidu.com/item/%E5%BE%B7%E5%9B%BD/147953\">德国</a>，唯一能够确认的就是，于1880年此犬已经在德国各地固定下来，并做为<a target=\"_blank\" href=\"https://baike.baidu.com/item/%E7%89%A7%E7%BE%8A%E7%8A%AC/1168668\">牧羊犬</a>使用。他们敏捷，且适合动作式的工作环境，它们经常被部署各种任务。而后于第一次世界大战期间被德军募集，做为<a target=\"_blank\" href=\"https://baike.baidu.com/item/%E5%86%9B%E7%8A%AC/8890780\">军犬</a>随军。由德军取长补短培育后，基本定型。因为体型高大，外观威猛，且具备极强的工作能力，因此在全世界范围以军犬、<a target=\"_blank\" href=\"https://baike.baidu.com/item/%E8%AD%A6%E7%8A%AC/627682\">警犬</a>、<a target=\"_blank\" href=\"https://baike.baidu.com/item/%E6%90%9C%E6%95%91%E7%8A%AC/10837346\">搜救犬</a>、<a target=\"_blank\" href=\"https://baike.baidu.com/item/%E5%AF%BC%E7%9B%B2%E7%8A%AC/5908024\">导盲犬</a>、<a target=\"_blank\" href=\"https://baike.baidu.com/item/%E7%89%A7%E7%BE%8A%E7%8A%AC/1168668\">牧羊犬</a>、<a target=\"_blank\" href=\"https://baike.baidu.com/item/%E8%A7%82%E8%B5%8F%E7%8A%AC/4211016\">观赏犬</a>，以及家养宠物犬等身份活跃。&nbsp;&nbsp;<br></p>', 'http://localhost:8888/images/1c70a9d20e7d46a20aad360e0512f3ce.jpg', 'http://localhost:8888/images/56e02343be5cf3ce3e349043a214a835.jpg;http://localhost:8888/images/56e02343be5cf3ce3e349043a214a835 (1).jpg;http://localhost:8888/images/211d166bcbaa56cda49a2783f565bc5c.jpg', '13', '2020-03-09 14:34:25', null);
INSERT INTO `pet` VALUES ('8', '泰迪犬', '纯种泰迪犬', '<p>贵宾犬（Poodle），也称“贵妇犬”，又称“卷毛狗”，在德语中，Pudel是“水花飞溅”的意思，是犬亚科犬属的一种动物。贵宾犬的来源就像它为了拖出猎禽所涉过的水一样浑浊不清。&nbsp;&nbsp;<br></p>', 'http://localhost:8888/images/2c2ab43e02106b5d7d7a9b1936a6f350.jpg', 'http://localhost:8888/images/06a0921959e9c3d50d272686d3dc7ac4.jpg;http://localhost:8888/images/9d37aaba7465d4d47cd90e0884e141c1.jpeg;http://localhost:8888/images/9d86626d7041e73981c5e92e831c6c37.jpeg;http://localhost:8888/images/18a191aa65963f346e180816a7cf36fd.jpg;http://localhost:8888/images/32d13209dfbbde9b87b128e20cfaee63.jpeg', '14', '2020-03-09 14:56:27', null);
INSERT INTO `pet` VALUES ('9', '比熊犬', '比熊犬', '<p>比熊犬（法语：Bichon Frisé，意指“白色<a target=\"_blank\" href=\"https://baike.baidu.com/item/%E5%8D%B7%E6%AF%9B/567679\">卷毛</a>的玩赏用小狗”）原产于<a target=\"_blank\" href=\"https://baike.baidu.com/item/%E5%9C%B0%E4%B8%AD%E6%B5%B7/11515\">地中海</a>地区，是一种小型<a target=\"_blank\" href=\"https://baike.baidu.com/item/%E7%8A%AC\">犬</a>品种。它们不会自然<a target=\"_blank\" href=\"https://baike.baidu.com/item/%E8%84%B1%E6%AF%9B/4496664\">脱毛</a>，因此毛发需要整理。颜色一般白色。原称<a target=\"_blank\" href=\"https://baike.baidu.com/item/%E5%B7%B4%E6%AF%94%E7%86%8A%E7%8A%AC/14114337\">巴比熊犬</a>，后缩为比熊犬。怀疑是巴比特犬和水猎融犬的后裔。是一种娇小的、<a target=\"_blank\" href=\"https://baike.baidu.com/item/%E5%BC%BA%E5%81%A5/33435\">强健</a>的白色<a target=\"_blank\" href=\"https://baike.baidu.com/item/%E7%B2%89%E6%89%91/8981014\">粉扑</a>型的狗，具有欢快的性格，从它羽毛般欢快地卷在背后的<a target=\"_blank\" href=\"https://baike.baidu.com/item/%E5%B0%BE%E5%B7%B4/3047950\">尾巴</a>和好奇的眼神中就能体现出来。&nbsp;&nbsp;<br></p>', 'http://localhost:8888/images/2c903f08006ee1388affee800be3aa90.jpg', 'http://localhost:8888/images/6c367847bfc5f864281766d1b8e37e0d.jpg;http://localhost:8888/images/08e36fc64c3e5e38be67c00833170a7f.jpg;http://localhost:8888/images/8fb2f6d927c21042048d4a92ed1b78a9.jpg;http://localhost:8888/images/9a0f5de89fd472849177117f034e439e.jpg', '2', '2020-03-09 14:59:38', null);
INSERT INTO `pet` VALUES ('10', '约克夏', '约克夏', '<div label-module=\"para\">约克夏梗犬(YorkshireTerrier)因产于英国东北部约克郡而得名，故又称约克郡梗、<a target=\"_blank\" href=\"https://baike.baidu.com/item/%E7%BA%A6%E7%91%9F%E7%8A%AC/3252294\">约瑟犬</a>、约瑟猩。<a target=\"_blank\" href=\"https://baike.baidu.com/item/%E7%BA%A6%E5%85%8B%E5%A4%8F%E6%A2%97/539990\">约克夏梗</a>身材娇小，体形仅次于吉娃娃小型犬，被毛柔滑如丝，如少女秀发，由头颈、躯干倾泻而下，光彩夺目。约克夏梗的头部经常用丝带装饰，并拥有梗类调皮的性格。拥有“上流贵妇人香闺”般的魅力。</div><div label-module=\"para\">起源19世纪中期的时候，在英国的<a target=\"_blank\" href=\"https://baike.baidu.com/item/%E5%B7%A5%E4%B8%9A%E5%9F%8E%E5%B8%82/10867493\">工业城市</a>约克夏地区。工人们经常在工地或家中饲养它以捉老鼠。犬的体型要比猫大得多。</div>', 'http://localhost:8888/images/4ef02cbe461d1ebe7a398ca0c533f2e2.jpg', 'http://localhost:8888/images/4f3f89524e1681d4b276611d50390e85.jpg;http://localhost:8888/images/5e0391a2349150cb3f14ac4f19bb1b60.jpg;http://localhost:8888/images/5e0391a2349150cb3f14ac4f19bb1b60.jpg', '1', '2020-03-09 15:10:42', null);
INSERT INTO `pet` VALUES ('11', '博美犬', '博美犬', '<div label-module=\"para\"><div label-module=\"lemmaSummary\"><div label-module=\"para\"><a target=\"_blank\" href=\"https://baike.baidu.com/item/%E5%8D%9A%E7%BE%8E/589995\">博美</a>是一种紧凑、短背、活跃的<a target=\"_blank\" href=\"https://baike.baidu.com/item/%E7%8E%A9%E8%B5%8F%E7%8A%AC/5220098\">玩赏犬</a>，学名<a target=\"_blank\" href=\"https://baike.baidu.com/item/%E5%93%88%E5%A4%9A%E5%88%A9%E7%B3%BB%E5%8D%9A%E7%BE%8E%E7%8A%AC/2327209\">哈多利系博美犬</a>（俗称英系<a target=\"_blank\" href=\"https://baike.baidu.com/item/%E5%8D%9A%E7%BE%8E%E7%8A%AC\">博美犬</a>），是德国<a target=\"_blank\" href=\"https://baike.baidu.com/item/%E7%8B%90%E7%8B%B8%E7%8A%AC\">狐狸犬</a>的一种，原产<a target=\"_blank\" href=\"https://baike.baidu.com/item/%E5%BE%B7%E5%9B%BD/147953\">德国</a>。它拥有柔软、浓密的底毛和粗硬的<a target=\"_blank\" href=\"https://baike.baidu.com/item/%E7%9A%AE%E6%AF%9B/85042\">皮毛</a>。尾根位置很高，长有浓密饰毛的尾巴卷放在背上。它具有警惕的性格、<a target=\"_blank\" href=\"https://baike.baidu.com/item/%E8%81%AA%E6%98%8E/83389\">聪明</a>的表情、轻快的举止和<a target=\"_blank\" href=\"https://baike.baidu.com/item/%E5%A5%BD%E5%A5%87/5074691\">好奇</a>的天性。体型小巧可爱，适合当伴侣犬，白色和棕色的居多。德国狐狸犬，包括荷兰毛狮犬，大型狐狸犬，中型狐狸犬，小型狐狸犬和<a target=\"_blank\" href=\"https://baike.baidu.com/item/%E6%9D%BE%E9%BC%A0%E7%8A%AC\">松鼠犬</a>（也就是博美犬），同时也是很有竞争力的比赛犬。其毛色有白、偏<a target=\"_blank\" href=\"https://baike.baidu.com/item/%E9%BB%84%E5%A5%B6%E6%B2%B9/10891835\">黄奶油</a>、花色、黑、红、棕等。<sup>[1]</sup><a name=\"ref_[1]_8435\">&nbsp;</a></div></div><div></div><div></div><div><dl><br></dl></div></div>', 'http://localhost:8888/images/01b33cd2ff3b31d1a8805b19a28ace89.jpeg', 'http://localhost:8888/images/2f3844dbe273476b98f702bff8cdbd7a.jpg;http://localhost:8888/images/3bb72b6dfb26ae00644510700172f69b.jpg;http://localhost:8888/images/4d8354f81cdedc0ed62a936b2f8e3e2b.jpg;http://localhost:8888/images/7ae0d3a6e6e0dfa44af50feb442064da.jpg', '0', '2020-03-09 15:24:19', null);
INSERT INTO `pet` VALUES ('12', '雪纳瑞', '雪纳瑞', '<div label-module=\"para\"><div label-module=\"lemmaSummary\"><div label-module=\"para\"><div label-module=\"lemmaSummary\"><div label-module=\"para\">雪纳瑞共有三个品种：大型、标准型、小型三种。 原产地为德国。体长等于身高，呈正方形体型。被毛浓密粗硬，毛色有黑色和胡椒色，脸部毛稍短。耳小呈V字形，向前边垂下。嘴边长有胡髭。眼大小适中，呈暗色。胸宽深，臀强硬，腹上收。前肢直立，后肢宽阔结实，断尾，擎起<sup>&nbsp;[1]</sup><a name=\"ref_[1]_66387\">&nbsp;</a>&nbsp;。</div></div><div></div><div></div><div><dl><br></dl></div></div></div></div>', 'http://localhost:8888/images/0db6dbcef1a675ef11e7bdfdbb4fdbd2.jpeg', 'http://localhost:8888/images/1b806f17da59c8660aaa3ab6a6a03408 (1).jpg;http://localhost:8888/images/1b806f17da59c8660aaa3ab6a6a03408.jpg;http://localhost:8888/images/4ced5ba347ce82fbeaefb9963d6dd14b.jpg;http://localhost:8888/images/4d098028a89a55b096baa0f67c3f4f00.jpg', '2', '2020-03-09 15:31:26', null);
INSERT INTO `pet` VALUES ('13', '松狮犬', '松狮犬', '<div label-module=\"para\"><div label-module=\"lemmaSummary\"><div label-module=\"para\"><div label-module=\"lemmaSummary\"><div label-module=\"para\"><div label-module=\"para\">松狮犬是一种非常时髦的宠物和守护犬，原产中国，有2000多年的历史。据说唐朝时它最受皇帝宠爱，也最为繁盛。过去，曾有一个中国皇帝拥有10万猎人和2500头松狮犬的说法<sup>&nbsp;[1]</sup><a name=\"ref_[1]_8331\">&nbsp;</a>&nbsp;。</div><div label-module=\"para\">松狮犬集美丽、高贵和自然于一身，拥有独特的蓝舌头、愁苦的表情和夸张的步法，但不是很听话，有时会非常独立，而且眼睛深陷，视力范围有限<sup>&nbsp;[1]</sup><a name=\"ref_[1]_8331\">&nbsp;</a>&nbsp;。在古代曾名为獢獢。<sup>&nbsp;[2]</sup><a name=\"ref_[2]_8331\">&nbsp;</a></div></div></div></div></div></div>', 'http://localhost:8888/images/1a815b29f8e87b91fd1b4b3635ea80d3.jpg', 'http://localhost:8888/images/1f43aff39763d1974e513833c8f6fa1a.jpg;http://localhost:8888/images/2ea558b79018f58ce22fbe0979372e72.jpg;http://localhost:8888/images/7aee575024e82f3eb706a9df791d6ece.jpg;http://localhost:8888/images/9ffa722db14091409ed672f81967d114.jpg', '2', '2020-03-09 15:33:47', null);
INSERT INTO `pet` VALUES ('14', '哈士奇', '逗比哈士奇', '<div label-module=\"para\"><div label-module=\"lemmaSummary\"><div label-module=\"para\"><div label-module=\"lemmaSummary\"><div label-module=\"para\"><div label-module=\"para\"><div label-module=\"para\"><a target=\"_blank\" href=\"https://baike.baidu.com/item/%E8%A5%BF%E4%BC%AF%E5%88%A9%E4%BA%9A/63915\">西伯利亚</a>雪橇犬（俄语：Сибирский хаски，英语：Siberian Husky），常见别名<a target=\"_blank\" href=\"https://baike.baidu.com/item/%E5%93%88%E5%A3%AB%E5%A5%87/123197\">哈士奇</a>，<a target=\"_blank\" href=\"https://baike.baidu.com/item/%E6%98%B5%E7%A7%B0/866594\">昵称</a>为<a target=\"_blank\" href=\"https://baike.baidu.com/item/%E4%BA%8C%E5%93%88\">二哈</a>。</div><div label-module=\"para\">西伯利亚<a target=\"_blank\" href=\"https://baike.baidu.com/item/%E9%9B%AA%E6%A9%87%E7%8A%AC/808\">雪橇犬</a>是原始的古老犬种，主要生活在在<a target=\"_blank\" href=\"https://baike.baidu.com/item/%E8%A5%BF%E4%BC%AF%E5%88%A9%E4%BA%9A/63915\">西伯利亚</a>东北部、<a target=\"_blank\" href=\"https://baike.baidu.com/item/%E6%A0%BC%E9%99%B5%E5%85%B0/317170\">格陵兰</a>南部。哈士奇名字是源自其独特的嘶哑叫声<sup>&nbsp;[1]</sup><a name=\"ref_[1]_28807\">&nbsp;</a>。哈士奇性格多变，有的极端胆小，也有的极端<a target=\"_blank\" href=\"https://baike.baidu.com/item/%E6%9A%B4%E5%8A%9B/2811999\">暴力</a>，进入人类社会和家庭的哈士奇，都已经没有了这种极端的性格，比较温顺，是一种流行于全球的宠物犬。哈士奇、<a target=\"_blank\" href=\"https://baike.baidu.com/item/%E9%87%91%E6%AF%9B%E7%8A%AC/66918\">金毛犬</a>与拉布拉多并列为三大无攻击性犬类<sup>&nbsp;[2]</sup><a name=\"ref_[2]_28807\">&nbsp;</a>&nbsp;，被世界各地人们广泛饲养，并在全球范围内有大量该犬种的赛事。</div></div></div></div></div></div></div>', 'http://localhost:8888/images/1fb2a7850f5d15fac3e89d87b6dfb126.jpg', 'http://localhost:8888/images/02ebccdf3a4764971cfa8d2e1621d97b.jpg;http://localhost:8888/images/6b62c92e6057abb4e77d124a955b847f.jpg;http://localhost:8888/images/7b7b48739527debcae0289c745382b12.jpg;http://localhost:8888/images/8ab479c74fa1d035e12d16e66ad1f018.jpg', '1', '2020-03-09 15:42:11', null);
INSERT INTO `pet` VALUES ('15', '罗纳威', '罗纳威', '<div label-module=\"para\"><div label-module=\"lemmaSummary\"><div label-module=\"para\"><div label-module=\"lemmaSummary\"><div label-module=\"para\"><div label-module=\"para\"><div label-module=\"para\"><div label-module=\"para\">罗威纳犬（拉丁学名：rottweiler），是犬科犬属下的动物，身体强壮，动作迅猛，气势强悍，是世界上最具有勇气和力量的<a target=\"_blank\" href=\"https://baike.baidu.com/item/%E7%8A%AC/1185\">犬</a>种之一。</div><div label-module=\"para\">罗威纳犬曾经被用于看守牛群，是聪明强壮极易亲近的犬种。现在在军<a target=\"_blank\" href=\"https://baike.baidu.com/item/%E8%AD%A6%E7%8A%AC/627682\">警犬</a>方面，广受好评，同时亦可成为极有身价的家庭犬。罗威纳犬为杰出的护卫犬，能攻击侵入者。为了保证本犬种会一定服从命令，饲养者应严格的训练，罗威纳犬生来具有护卫才能，中世纪时，有钱的商人们为了避免钱财被盗，便把钱袋挂在罗威纳犬颈部上。此犬个性沉稳，极富感情，也可做家庭伴侣犬。</div></div></div></div></div></div></div></div>', 'http://localhost:8888/images/0ca43339c1232001d9725f7e09578c0f.jpg', 'http://localhost:8888/images/0db4679f294c15c94d455a08f0197084.jpg;http://localhost:8888/images/6ba0cf27d0d1f64072a84480dd81fb1e.jpg;http://localhost:8888/images/6bb70a14abf0b6305a9123accf6ff86f.jpg;http://localhost:8888/images/6e6c5173bcfef7fff512561df62393ef.jpg', '2', '2020-03-09 15:45:00', null);
INSERT INTO `pet` VALUES ('16', '拉布拉多', '拉布拉多', '<div label-module=\"para\"><div label-module=\"lemmaSummary\"><div label-module=\"para\"><div label-module=\"lemmaSummary\"><div label-module=\"para\"><div label-module=\"para\"><div label-module=\"para\"><div label-module=\"para\"><div label-module=\"lemmaSummary\"><div label-module=\"para\"><a target=\"_blank\" href=\"https://baike.baidu.com/item/%E6%8B%89%E5%B8%83%E6%8B%89%E5%A4%9A/4152961\">拉布拉多</a>又称寻回犬，是一种中大型犬类，是非常适合被选作经常出入公共场合的<a target=\"_blank\" href=\"https://baike.baidu.com/item/%E5%AF%BC%E7%9B%B2%E7%8A%AC/5908024\">导盲犬</a>或地铁警犬及搜救犬和其他工作犬的狗品种，因原产地在<a target=\"_blank\" href=\"https://baike.baidu.com/item/%E5%8A%A0%E6%8B%BF%E5%A4%A7/145973\">加拿大</a>的<a target=\"_blank\" href=\"https://baike.baidu.com/item/%E7%BA%BD%E8%8A%AC%E5%85%B0\">纽芬兰</a>与<a target=\"_blank\" href=\"https://baike.baidu.com/item/%E6%8B%89%E5%B8%83%E6%8B%89%E5%A4%9A\">拉布拉多</a>省而得名。跟西伯利亚雪撬犬和<a target=\"_blank\" href=\"https://baike.baidu.com/item/%E9%87%91%E6%AF%9B%E5%AF%BB%E5%9B%9E%E7%8A%AC/1955498\">金毛寻回犬</a>并列三大无<a target=\"_blank\" href=\"https://baike.baidu.com/item/%E6%94%BB%E5%87%BB%E6%80%A7/625716\">攻击性</a>犬类。拉布拉多智商位列世界犬类第六位。个性忠诚、大气、憨厚、温和、阳光、开朗、活泼，<a target=\"_blank\" href=\"https://baike.baidu.com/item/%E6%99%BA%E5%95%86/129287\">智商</a>极高，也对人很<a target=\"_blank\" href=\"https://baike.baidu.com/item/%E5%8F%8B%E5%96%84/586545\">友善</a>，<a target=\"_blank\" href=\"https://baike.baidu.com/item/%E6%8B%89%E5%B8%83%E6%8B%89%E5%A4%9A\">拉布拉多</a>猎犬有四种颜色，分别为：<a target=\"_blank\" href=\"https://baike.baidu.com/item/%E9%BB%91%E8%89%B2/68106\">黑色</a>、<a target=\"_blank\" href=\"https://baike.baidu.com/item/%E9%BB%84%E8%89%B2/32230\">黄色</a>、巧克力、米白色。最常见的是黑色，黄色。在美国犬业俱乐部中拉布拉多是登记数量最多的品种，对小孩尤其的友善，对犬主人略粘人。<sup>&nbsp;[1]</sup><a name=\"ref_[1]_13870555\">&nbsp;</a></div></div><div></div><div></div><div><dl><br></dl></div></div></div></div></div></div></div></div></div>', 'http://localhost:8888/images/0c203b469e4b25eab77e65c4ae57911a.jpg', 'http://localhost:8888/images/0d33974c03aa95fe133e7188bbfde8de.jpg;http://localhost:8888/images/0fedd7b774104251b97ffccdf67013e2.jpg;http://localhost:8888/images/3f125ee46ca8f374937772aa70a90951.jpg;http://localhost:8888/images/7f2323429d8fe7bcc169a723e73e8996.jpeg', '7', '2020-03-09 15:46:57', null);
INSERT INTO `pet` VALUES ('17', '萨摩耶犬', '萨摩耶犬', '<div label-module=\"para\"><div label-module=\"lemmaSummary\"><div label-module=\"para\"><div label-module=\"lemmaSummary\"><div label-module=\"para\"><div label-module=\"para\"><div label-module=\"para\"><div label-module=\"para\"><div label-module=\"lemmaSummary\"><div label-module=\"para\"><div label-module=\"lemmaSummary\"><div label-module=\"para\">萨摩耶犬（英文：Samoyed），别称<a target=\"_blank\" href=\"https://baike.baidu.com/item/%E8%90%A8%E6%91%A9%E8%80%B6/123391\">萨摩耶</a>，原是西伯利亚的原住民萨摩耶族培育出的<a target=\"_blank\" href=\"https://baike.baidu.com/item/%E7%8A%AC/1185\">犬</a>种，一岁前调皮、灵动。它机警、强壮、灵活、美丽、高贵优雅、乖巧可爱，有着非常引人注目的外表，有“微笑天使”的称号，也有着“微笑天使面孔，捣蛋魔鬼内心”之称。萨摩耶犬的颜色为白色；部分带有很浅的浅棕色、奶酪色、浅棕色。此外其他颜色都属于失格。世界上曾出现过一只灰白色萨摩，FCI承认他是具有纯种<a target=\"_blank\" href=\"https://baike.baidu.com/item/%E8%A1%80%E7%BB%9F/14631\">血统</a>萨摩耶基因的返祖<a target=\"_blank\" href=\"https://baike.baidu.com/item/%E8%90%A8%E6%91%A9\">萨摩</a>，黑色萨摩耶犬极为罕见。<sup>&nbsp;[1]</sup><a name=\"ref_[1]_5454396\">&nbsp;</a></div></div><div></div><div></div><div id=\"hotspotmining_s\" alog-alias=\"hotspotmining-subLemma-\"><div><a name=\"hotspotmining\"></a></div><ul><br></ul></div></div></div></div></div></div></div></div></div></div></div>', 'http://localhost:8888/images/3e09d0ec1ea1be24e100c8fb0b3a46a4.jpg', 'http://localhost:8888/images/4a53d510b1bc9ca7d175777903798b4a.jpg;http://localhost:8888/images/7a00d1bbaa05823b555bfe9260198967.jpg;http://localhost:8888/images/7a5e51222ecca2dbb193831b38b0af9e.jpg;http://localhost:8888/images/15bc6c8964af08cf310f0b78704a388b.jpeg', '0', '2020-03-09 15:48:54', null);
INSERT INTO `pet` VALUES ('18', '吉娃娃', '可爱吉娃娃', '<p>吉娃娃从墨西哥传到美国后到1898年的历史至今不清。有人确定此犬原产于南美，初期被印加族人视为神圣的犬种，后来传到阿斯提克族。也有人认为此犬是随西班牙的侵略者到达新世界的品种，或者在19世纪初期，从中国传入的。以上各种判断，可以说明此犬绝非源自一种品种，而是自古以来就是由多种品种交配而来的。1923年成立吉娃娃犬俱乐部，它是美国最受欢迎的12个品种犬之一。英国吉娃娃犬俱乐部建立于1949年，是世界上最小的犬。1923年成立吉娃娃犬俱乐部，它是美国最受欢迎的12个品种犬之一。有淡黄褐色、蓝色、巧克力色、黑色、黑黄褐色、红色、棕色等，有的单色的吉娃娃犬还有斑点。<sup>&nbsp;[1]</sup><a name=\"ref_[1]_17816225\">&nbsp;</a>&nbsp;&nbsp;<br></p>', 'http://localhost:8888/images/3ec674778b1dcaa4e2acdf01ef8b2643.jpg', 'http://localhost:8888/images/4a3e0e42b943da0d273200e204eedd06.jpg;http://localhost:8888/images/4ac22a263072fdd191ebb3fd536ef667.jpg;http://localhost:8888/images/7e11a58cc8db94f9eb8f1b68484fa82b.jpg;http://localhost:8888/images/8f6c32e6bd367612a8626d6b1803f4ee.jpg', '0', '2020-03-12 09:23:42', null);
INSERT INTO `pet` VALUES ('19', '贵宾犬', '漂亮贵宾犬', '<p>贵宾犬（Poodle），也称“贵妇犬”，又称“卷毛狗”，在德语中，Pudel是“水花飞溅”的意思，是犬亚科犬属的一种动物。贵宾犬的来源就像它为了拖出猎禽所涉过的水一样浑浊不清。&nbsp;&nbsp;<br></p>', 'http://localhost:8888/images/0f5ecc15d8f9cf3bcdfe11cf300653b4.jpg', 'http://localhost:8888/images/4e9382e4fef1c9a761fe14c0d8c2e2e1.jpeg;http://localhost:8888/images/7b47a0cce6f5e15b0449abdad9ff4537.jpeg;http://localhost:8888/images/8dc906370348341caa2285be52005989.jpeg', '0', '2020-03-12 09:26:50', null);
INSERT INTO `pet` VALUES ('20', '金毛犬', '', '<div label-module=\"para\">金毛寻回犬（Golden Retriever）是<a target=\"_blank\" href=\"https://baike.baidu.com/item/%E5%8D%95%E7%8C%8E%E7%8A%AC/9618108\">单猎犬</a>，比较流行的狗的品种。在猎捕野禽的<a target=\"_blank\" href=\"https://baike.baidu.com/item/%E5%AF%BB%E5%9B%9E%E7%8A%AC/6892992\">寻回犬</a>中培养出来的，游泳的续航力极佳。</div><div label-module=\"para\">金毛寻回犬是最常见的家犬之一，它很容易养，有耐心并且对主人要求不多，只要定期运动，食物和<a target=\"_blank\" href=\"https://baike.baidu.com/item/%E5%85%BD%E5%8C%BB/82400\">兽医</a>体检就可以了。它属于匀称、有力、活泼的一个犬种，特征是稳固、身体各部位配合合理，腿既不太长也不笨拙，表情友善，个性热情、机警、自信而且不怕生，性格讨人喜欢。金毛犬最早是一种寻回猎犬，大多作为<a target=\"_blank\" href=\"https://baike.baidu.com/item/%E5%AF%BC%E7%9B%B2%E7%8A%AC/5908024\">导盲犬</a>与<a target=\"_blank\" href=\"https://baike.baidu.com/item/%E5%AE%A0%E7%89%A9%E7%8B%97/6677317\">宠物狗</a>。对小孩子或者婴儿十分友善。金毛犬是位列<a target=\"_blank\" href=\"https://baike.baidu.com/item/%E4%B8%96%E7%95%8C%E7%8A%AC%E7%A7%8D%E6%99%BA%E5%95%86%E6%8E%92%E8%A1%8C/2416617\">世界犬种智商排行</a>的第四名。</div>', 'http://localhost:8888/images/4d6df666ab6d5103c193d1ca424f3508.jpg', 'http://localhost:8888/images/5cae1ba54e57e0d1f355e7aa912fd071.jpg;http://localhost:8888/images/17a4a27b3e5a76ba119b49073b7fac1c.jpeg;http://localhost:8888/images/26b5c7b56ed7c6104b8c5514112e4ac8.jpg;http://localhost:8888/images/42a5ffad34ec6b2d3602958e7fa1ce78.jpg', '0', '2020-03-12 09:29:48', null);
INSERT INTO `pet` VALUES ('21', '比特犬', '', '', 'http://localhost:8888/images/u=2025372040,342895406&fm=26&gp=0.jpg', 'http://localhost:8888/images/u=1804811560,192522407&fm=26&gp=0.jpg;http://localhost:8888/images/u=2072240648,3471755151&fm=26&gp=0.jpg;http://localhost:8888/images/下载 (1).jfif;http://localhost:8888/images/下载 (2).jfif;http://localhost:8888/images/下载.jfif', '1', '2020-03-13 13:25:00', null);
INSERT INTO `pet` VALUES ('22', '高加索犬', '', '', 'http://localhost:8888/images/8ceb67f270a1d706576962d32e75d3fb.jpg', 'http://localhost:8888/images/4a5d37137cd388ccf43e90132512f087.jpg;http://localhost:8888/images/6ee903f9751b3222c6af913b9bc14520.jpg;http://localhost:8888/images/f851412dd8271a66d46730140c1cf045.jpg;http://localhost:8888/images/b6f74b7963f471ab5304ca5ce92c7b6d.jpg', '0', '2020-03-14 08:27:38', null);
INSERT INTO `pet` VALUES ('23', '苏牧', '', '', 'http://localhost:8888/images/4be509a35d6e57acf1befa4f8dad26fd.jpg', 'http://localhost:8888/images/4c168cf5df700a1554c5db6f7d3d01d4.jpg;http://localhost:8888/images/05ead8559eebf9b4ed88b2a21aad40a9.jpg;http://localhost:8888/images/7bca24d5d01742e0e5e838d2b9848e48.jpg;http://localhost:8888/images/fc41cb163e29048dd49e30d3c31a1877.jpg', '0', '2020-03-14 08:30:19', null);
INSERT INTO `pet` VALUES ('24', '藏獒', '', '', 'http://localhost:8888/images/de4715cac91c9588ceaa440d8d4876e9.jpg', 'http://localhost:8888/images/3a47bfcbf8043c2fe8ec8273d3e566aa.jpg;http://localhost:8888/images/7d2bee4ac4ad5d81500a613308837f92.jpg;http://localhost:8888/images/784da19cf952aba53d1aed0c6555eeea.jpg;http://localhost:8888/images/31d715211f0247734d46d8120de891e0.jpg', '0', '2020-03-14 08:32:56', null);
INSERT INTO `pet` VALUES ('25', '萨摩耶', '', '', 'http://localhost:8888/images/29d331515a6c3f431b38f0e8f23074db.jpg', 'http://localhost:8888/images/3e09d0ec1ea1be24e100c8fb0b3a46a4.jpg;http://localhost:8888/images/4a53d510b1bc9ca7d175777903798b4a.jpg;http://localhost:8888/images/7a00d1bbaa05823b555bfe9260198967.jpg;http://localhost:8888/images/7a5e51222ecca2dbb193831b38b0af9e.jpg', '0', '2020-03-14 08:34:55', null);
INSERT INTO `pet` VALUES ('26', '阿拉斯加', '', '', 'http://localhost:8888/images/1a785e5191a563db3e44f48e5a16f2cc.jpg', 'http://localhost:8888/images/3bd24ee86fd2e81e8a419392470ec755.jpg;http://localhost:8888/images/5e08ca87dd7b20fc262139a4837238f9.jpg;http://localhost:8888/images/6cf4770bff6a5a7b72b0e35a7c7cb715.jpeg;http://localhost:8888/images/6d8e04e895807aece0c470f387c5cdff.jpg', '1', '2020-03-14 08:37:00', null);
INSERT INTO `pet` VALUES ('27', '巴哥犬', '', '', 'http://localhost:8888/images/4db72704f6f10d6acbf5cb03d153782e.jpeg', 'http://localhost:8888/images/8ce0fce6b95207a2adacde43058a248a.jpg;http://localhost:8888/images/8e5547d5c3c8b103e8ade1da45a74c2a.jpg;http://localhost:8888/images/9be2dfb441e0009dd5ca1897fd2b2f04.jpg;http://localhost:8888/images/75df67b10469da7e2490e77dc520bc26.jpg', '0', '2020-03-14 08:38:11', null);
INSERT INTO `pet` VALUES ('28', '北京犬', '', '', 'http://localhost:8888/images/5e6dcad4de580cbde3b95e25b2ed02a4.jpg', 'http://localhost:8888/images/2b5fe5b88dd2f089f6503b3df8264d06.jpg;http://localhost:8888/images/5bd7a732136b4a4ff9a46122b4aad372.jpg;http://localhost:8888/images/5e6dcad4de580cbde3b95e25b2ed02a4.jpg;http://localhost:8888/images/cd4c1e3f157cdefa426ce1a139d1859d.jpg', '0', '2020-03-14 08:40:22', null);
INSERT INTO `pet` VALUES ('29', '比格犬', '', '', 'http://localhost:8888/images/7c77adc76f9375633a1c8e576eff1a42.jpg', 'http://localhost:8888/images/9aca664112d3122a90c687269666e936.jpg;http://localhost:8888/images/12dff85f07c114a4175ae064db793a69.jpg;http://localhost:8888/images/60c20a56e97543d1167e4b555c59aae5.jpg;http://localhost:8888/images/82ee1884cde2e7c54cf0f8eeb8de4efa.jpg', '0', '2020-03-14 08:42:55', null);
INSERT INTO `pet` VALUES ('30', '比熊犬', '', '', 'http://localhost:8888/images/4135361992567d118d533d1f05055ef9.jpg', 'http://localhost:8888/images/5728b954aae7c69fb3ac7c4e9c22f237.jpg;http://localhost:8888/images/2c903f08006ee1388affee800be3aa90.jpg', '0', '2020-03-14 08:44:20', null);
INSERT INTO `pet` VALUES ('31', '柴犬', '', '', 'http://localhost:8888/images/2bef4d0a807a02fc220b4ef052fe9cd5.jpg', 'http://localhost:8888/images/6c629dd4abd8c7c377e39f501adea3bd.jpeg;http://localhost:8888/images/1b42828010630edcdaad8089f8da0ede.jpg;http://localhost:8888/images/7ca75185eb75237dd5bd83fe10d4f507.jpg;http://localhost:8888/images/0580d98709583dce949f6d90db57ce9d.jpg', '0', '2020-03-14 08:46:03', null);
INSERT INTO `pet` VALUES ('32', '大白熊犬', '', '', 'http://localhost:8888/images/3a6d55c61945b5e0b772bee47e8fd1de.jpg', 'http://localhost:8888/images/0fab8d94676e9c80dae0ac937b4cf8a6.jpg;http://localhost:8888/images/6e390fd9a9b5f86ad125ff683e044cf0.jpg;http://localhost:8888/images/48c190c6fa75070403d2bdb9253dc83a.jpg', '0', '2020-03-14 08:47:11', null);
INSERT INTO `pet` VALUES ('33', '法国斗牛', '', '', 'http://localhost:8888/images/1e48fa55150bdf1250097b1878efae7f.jpg', 'http://localhost:8888/images/0e1c65732196545fa18b2e50d8967681.jpg;http://localhost:8888/images/57f6d2fa2208d50213c8e86e13107f7a.jpg', '0', '2020-03-14 08:48:34', null);
INSERT INTO `pet` VALUES ('34', '古代牧羊犬', '', '', 'http://localhost:8888/images/253be6cbf1005ca447a467a83a8e007e.jpg', 'http://localhost:8888/images/20f4f5dba5a0b72cf0a2c3e1877ebc76.jpg;http://localhost:8888/images/768ef694a2db9c90c4a253481c731116.jpg', '0', '2020-03-14 08:51:01', null);
INSERT INTO `pet` VALUES ('35', '蝴蝶犬', '', '', 'http://localhost:8888/images/563b67923f766bba3a7ee7ff4b46fd64.jpg', 'http://localhost:8888/images/2a2139a6db91b5cb04d0307bc0d57ee7.jpg;http://localhost:8888/images/05d944a8d9dbf3e380addce45c068545.jpg;http://localhost:8888/images/6f41ff49ab7290413feeb5a517914bbf.jpg', '0', '2020-03-14 08:52:17', null);
INSERT INTO `pet` VALUES ('36', '美国恶霸犬', '', '', 'http://localhost:8888/images/3b6e2990306726278c303ec53d318b84.jpg', 'http://localhost:8888/images/00ad0127993f6ed9352d02bf9ca0ea93.jpg;http://localhost:8888/images/0b2a9fd2ed44ea129952fdda79c3dca3.jpeg;http://localhost:8888/images/4cf6a547d83d7a100736eb1f1302e9e3.jpg', '1', '2020-03-14 08:53:16', null);
INSERT INTO `pet` VALUES ('37', '阿拉斯加', '', '', '', '', '0', '2020-04-19 18:40:00', null);
INSERT INTO `pet` VALUES ('38', '阿拉斯加', '', '', '', '', '0', '2020-04-19 18:40:39', null);
INSERT INTO `pet` VALUES ('39', '啊啦死就爱', '', '', '', '', '0', '2020-04-19 18:41:06', null);

-- ----------------------------
-- Table structure for user
-- ----------------------------
DROP TABLE IF EXISTS `user`;
CREATE TABLE `user` (
  `id` int(11) NOT NULL AUTO_INCREMENT,
  `username` varchar(16) DEFAULT NULL COMMENT '用户名',
  `account` varchar(16) DEFAULT NULL COMMENT '登录账号',
  `password` varchar(32) DEFAULT NULL COMMENT '密码',
  `avatar` varchar(255) DEFAULT NULL COMMENT '头像',
  `last_login` datetime DEFAULT NULL COMMENT '最后登录时间',
  `create_time` datetime DEFAULT NULL COMMENT '创建时间',
  PRIMARY KEY (`id`) USING BTREE
) ENGINE=InnoDB AUTO_INCREMENT=5 DEFAULT CHARSET=utf8 ROW_FORMAT=DYNAMIC COMMENT='用户';

-- ----------------------------
-- Records of user
-- ----------------------------
INSERT INTO `user` VALUES ('3', '用户13353036037', '13353036037', '123456', 'http://localhost:8888/images/default.jpg', '2020-05-20 14:52:32', '2020-03-29 08:56:41');
INSERT INTO `user` VALUES ('4', '用户17772434324', '17772434324', '123456', 'http://localhost:8888/images/default.jpg', '2020-03-29 16:49:05', '2020-03-30 00:48:36');

-- ----------------------------
-- Table structure for video
-- ----------------------------
DROP TABLE IF EXISTS `video`;
CREATE TABLE `video` (
  `id` int(11) NOT NULL AUTO_INCREMENT,
  `title` varchar(128) DEFAULT NULL COMMENT '标题',
  `thumbnail` tinytext COMMENT '缩略图',
  `url` text COMMENT '视频地址',
  `pet_id` int(11) DEFAULT NULL COMMENT '所属狗狗',
  `description` tinytext COMMENT '视频简介',
  `view_count` int(11) DEFAULT '0' COMMENT '点击量',
  `create_time` datetime DEFAULT NULL COMMENT '创建时间',
  PRIMARY KEY (`id`) USING BTREE
) ENGINE=InnoDB AUTO_INCREMENT=8 DEFAULT CHARSET=utf8 ROW_FORMAT=DYNAMIC COMMENT='视频';

-- ----------------------------
-- Records of video
-- ----------------------------
INSERT INTO `video` VALUES ('3', '养一只高冷的德国牧羊犬会让你怀疑到底你和它谁是舔狗……', 'http://localhost:8888/images/a81ea0d8358e189793c9bf8ae70458da.jpg', 'http://localhost:8888/videos/养一只高冷的德国牧羊犬会让你怀疑到底你和它谁是舔狗__.mp4', '7', '养一只高冷的德国牧羊犬会让你怀疑到底你和它谁是舔狗……养一只高冷的德国牧羊犬会让你怀疑到底你和它谁是舔狗……养一只高冷的德国牧羊犬会让你怀疑到底你和它谁是舔狗……', '21', '2020-03-30 08:58:15');
INSERT INTO `video` VALUES ('4', '朋友说泰迪犬很色我还不信，但现在我信了...【小孩子不要看】', 'http://localhost:8888/images/fc0663207873fdf1de50a49e28bff831.jpg', 'http://localhost:8888/videos/朋友说泰迪犬很色我还不信_但现在我信了..._小孩子不要看_.mp4', '8', '朋友说泰迪犬很色我还不信，但现在我信了...【小孩子不要看】\n朋友说泰迪犬很色我还不信，但现在我信了...【小孩子不要看】\n朋友说泰迪犬很色我还不信，但现在我信了...【小孩子不要看】', '3', '2020-03-30 08:58:15');
INSERT INTO `video` VALUES ('5', '比熊犬刚洗完澡好丑，还好过一会又变成了漂亮的棉花糖', 'http://localhost:8888/images/9a0f5de89fd472849177117f034e439e.jpg', 'http://localhost:8888/videos/比熊犬刚洗完澡好丑_还好过一会又变成了漂亮的棉花糖.mp4', '9', '比熊犬刚洗完澡好丑，还好过一会又变成了漂亮的棉花糖\n比熊犬刚洗完澡好丑，还好过一会又变成了漂亮的棉花糖\n比熊犬刚洗完澡好丑，还好过一会又变成了漂亮的棉花糖\n', '6', '2020-03-30 08:58:15');
INSERT INTO `video` VALUES ('6', '萌系甜美可爱超小体约克夏MM', 'http://localhost:8888/images/4ef02cbe461d1ebe7a398ca0c533f2e2.jpg', 'http://localhost:8888/videos/萌系甜美可爱超小体约克夏MM.mp4', '10', '萌系甜美可爱超小体约克夏MM\n萌系甜美可爱超小体约克夏MM\n萌系甜美可爱超小体约克夏MM\n', '0', '2020-03-30 08:58:15');
INSERT INTO `video` VALUES ('7', '', '', '', null, '', '0', '2020-04-19 18:17:46');

-- ----------------------------
-- Table structure for web_log
-- ----------------------------
DROP TABLE IF EXISTS `web_log`;
CREATE TABLE `web_log` (
  `id` int(11) NOT NULL AUTO_INCREMENT,
  `description` text COMMENT '操作描述',
  `username` varchar(64) DEFAULT NULL COMMENT '操作用户',
  `start_time` bigint(20) DEFAULT NULL COMMENT '操作时间',
  `spend_time` int(11) DEFAULT NULL COMMENT '消耗时间',
  `base_path` varchar(64) DEFAULT NULL COMMENT '根路径',
  `uri` varchar(64) DEFAULT NULL COMMENT 'URI',
  `url` varchar(64) DEFAULT NULL COMMENT 'URL',
  `method` varchar(64) DEFAULT NULL COMMENT '请求类型',
  `ip` varchar(64) DEFAULT NULL COMMENT 'IP地址',
  `parameter` varchar(64) DEFAULT NULL COMMENT '请求参数',
  `result` text COMMENT '返回结果',
  PRIMARY KEY (`id`)
) ENGINE=InnoDB AUTO_INCREMENT=17 DEFAULT CHARSET=utf8 COMMENT='操作日志';

-- ----------------------------
-- Records of web_log
-- ----------------------------
INSERT INTO `web_log` VALUES ('14', '根据id获取某个文章', '用户13353036037', '1598364216445', '335', 'http://localhost:8888', '/api/v2/article/12', 'http://localhost:8888/api/v2/article/12', 'GET', '0:0:0:0:0:0:0:1', '12', '{\"code\":200,\"data\":{\"author\":\"爱宠爱生活\",\"content\":\"<p>导读：饲养宠物狗狗会遇到很多的问题，最常见的就是狗狗容易呕吐，一般来说，狗狗呕吐是正常的比较多，如吃的太急了，吃了不干净的东西，肠胃为了保护而选择的反应方式，这都是正常的呕吐，但有的狗狗反复呕吐，多次的呕吐那就是有问题了，遇到这样的呕吐就需要找狗狗医生，找兽医看病了。通常情况下不需要太在意，呕吐了，精神好就不用管。对于新手来说，遇到这些问题还是比较紧张，问狗狗吐了怎么办？我们还是需要查明原因正确应对！下面52狗狗网小编就来告诉大家：&nbsp;</p><p>&nbsp;宠物狗狗呕吐的问题比较常见，原因也比较多，如吃坚硬的无法咬碎的骨头，就容易刺伤消化道壁，一起呕吐，这种事情比较常见。另外狗狗吃的太急也会呕吐，这种情况比较多，很容易出现，有时候吃了变质的狗粮等食品后，也会导致狗狗呕吐，这种情况一般呕吐后就会好，没有精神萎靡的问题出现，但有的呕吐如中毒、寄生虫等会出现狗狗没有精神，这个时候还是要到医院检查一下放心点。</p><div>当狗狗出现呕吐的时候，要立即进食，不让它们在吃狗粮了，让肠胃休息恢复正常的功能，一般情况下，经过半天的休息，就会好起来了。如果一天还没有恢复正常，那就要带狗狗到宠物医院去检查一下了。狗狗呕吐以后要断食，但水 不能断了，需要给它们供应好水，呕吐会大量的失水，需要喝水来补充回来，有利于胃肠道恢复，停食一天以后，首次给食要为流质的饲料，可以给它们吃点容易消化的罐头或者粥类给狗狗吃。第三天也要少量的喂食狗粮，几天后可以恢复正常的喂食。</div><div>&nbsp; 狗狗呕吐很多都是肠胃炎造成的，狗狗天生的肠胃不是很好，容易出现肠胃炎的问题，严重的还有胃出血的麻烦，但狗狗呕吐后，如果停食一天还没有好的话，继续呕吐的话，可以给它们吃点妈咪爱试试，如果还不行就要到医院检查了，让医生诊断一下究竟是怎么回事，特别是伴有拉肚子的，精神萎靡不振的要注意，以免是感染了细小就麻烦了。很多小狗在清晨偶尔出现呕吐现象，呕吐物为少量白色或黄色液体，这种现象不是天天有就没事，都是属于正常的现象，也不要给它们吃什么止吐的药物、助消化的药物了，这是犬科动物的一种反应，没有必要去在意。</div><div>&nbsp; &nbsp; 总的来说，宠物狗狗呕吐要注意情况，一般的都是很正常的，只要精神好，呕吐了还想吃，这就没事，如果呕吐伴有精神不好，还有拉肚子，咳嗽啊等问题出现，这时候就要注意了。</div><p>&nbsp;<br></p>\",\"createTime\":1584108471000,\"description\":\"狗狗吐了怎么办？要查明原因正确应对！狗狗吐了怎么办？要查明原因正确应对！狗狗吐了怎么办？要查明原因正确应对！狗狗吐了怎么办？要查明原因正确应对！狗狗吐了怎么办？要查明原因正确应对！\",\"id\":12,\"pet\":{\"id\":7,\"name\":\"德国牧羊犬\"},\"petId\":7,\"title\":\"狗狗吐了怎么办？要查明原因正确应对！\",\"type\":\"problem\",\"typeName\":\"常见问题\",\"viewCount\":15},\"message\":\"操作成功\"}');
INSERT INTO `web_log` VALUES ('15', '根据id更新某个文章的观看次数', '用户13353036037', '1598364217150', '44', 'http://localhost:8888', '/api/v2/article/12', 'http://localhost:8888/api/v2/article/12', 'PUT', '0:0:0:0:0:0:0:1', '12', '{\"code\":200,\"message\":\"操作成功\"}');
INSERT INTO `web_log` VALUES ('16', null, '用户13353036037', '1598364217235', '50', 'http://localhost:8888', '/api/v2/collect/judgeArticleIsCollect', 'http://localhost:8888/api/v2/collect/judgeArticleIsCollect', 'GET', '0:0:0:0:0:0:0:1', '{\"resourceId\":12,\"type\":\"article\",\"userId\":3}', '{\"code\":200,\"data\":true,\"message\":\"操作成功\"}');
